available_model_count,candidate_id,cas_number,evidence_tier,experimental_winner,full_profile_evaluated,heat_coverage_min,mass_fraction,mass_ratio_vs_heos_water,model_relative_spread,name,pair_id,profile_hash,quadrature_node_count,qualification,rankable,relative_change_refined_to_exact,stage,status,successful_model_count,within_quadrature_tolerance,worst_model_mass_kg
1,2cfbed6ddb33dd10eeb28519,25321-09-9,single_model_exploratory,False,False,0.0,0.000166810054,,,"1,2-diisopropylbenzene",water-OKIRBHVFJGXOIS-UHFFFAOYSA-N,74ab06a76bc6ab06899449c4b4aed297759eadf8574e4df475ae5f36757b0e21,24,,False,,coarse,incomplete_models_or_reference,0,,
1,7df9dea725ea5ddaeccc8c44,25321-09-9,single_model_exploratory,False,False,0.0,0.00027825594,,,"1,2-diisopropylbenzene",water-OKIRBHVFJGXOIS-UHFFFAOYSA-N,74ab06a76bc6ab06899449c4b4aed297759eadf8574e4df475ae5f36757b0e21,24,,False,,coarse,incomplete_models_or_reference,0,,
1,b86d8f3ee53bbe46cc66e9cf,25321-09-9,single_model_exploratory,False,False,0.0,0.000464158883,,,"1,2-diisopropylbenzene",water-OKIRBHVFJGXOIS-UHFFFAOYSA-N,74ab06a76bc6ab06899449c4b4aed297759eadf8574e4df475ae5f36757b0e21,24,,False,,coarse,incomplete_models_or_reference,0,,
1,78ee3a0d563f723b07d95cf3,25321-09-9,single_model_exploratory,False,False,0.0,0.000774263683,,,"1,2-diisopropylbenzene",water-OKIRBHVFJGXOIS-UHFFFAOYSA-N,74ab06a76bc6ab06899449c4b4aed297759eadf8574e4df475ae5f36757b0e21,24,,False,,coarse,incomplete_models_or_reference,0,,
1,d7213a9aeb3347c2fa6c00d3,25321-09-9,single_model_exploratory,False,False,0.0,0.001291549665,,,"1,2-diisopropylbenzene",water-OKIRBHVFJGXOIS-UHFFFAOYSA-N,74ab06a76bc6ab06899449c4b4aed297759eadf8574e4df475ae5f36757b0e21,24,,False,,coarse,incomplete_models_or_reference,0,,
1,a39f8f4ad2ab83500bff96ce,25321-09-9,single_model_exploratory,False,False,0.0,0.00215443469,,,"1,2-diisopropylbenzene",water-OKIRBHVFJGXOIS-UHFFFAOYSA-N,74ab06a76bc6ab06899449c4b4aed297759eadf8574e4df475ae5f36757b0e21,24,,False,,coarse,incomplete_models_or_reference,0,,
1,e7b712f81b9f52b28df7a37f,25321-09-9,single_model_exploratory,False,False,0.0,0.003593813664,,,"1,2-diisopropylbenzene",water-OKIRBHVFJGXOIS-UHFFFAOYSA-N,74ab06a76bc6ab06899449c4b4aed297759eadf8574e4df475ae5f36757b0e21,24,,False,,coarse,incomplete_models_or_reference,0,,
1,4be116f048fac2e5143b5728,25321-09-9,single_model_exploratory,False,False,0.0,0.005994842503,,,"1,2-diisopropylbenzene",water-OKIRBHVFJGXOIS-UHFFFAOYSA-N,74ab06a76bc6ab06899449c4b4aed297759eadf8574e4df475ae5f36757b0e21,24,,False,,coarse,incomplete_models_or_reference,0,,
1,c3059b59190bc3f23899e4e6,25321-09-9,single_model_exploratory,False,False,0.0,0.01,,,"1,2-diisopropylbenzene",water-OKIRBHVFJGXOIS-UHFFFAOYSA-N,74ab06a76bc6ab06899449c4b4aed297759eadf8574e4df475ae5f36757b0e21,24,,False,,coarse,incomplete_models_or_reference,0,,
1,3c137f1f2d582f60527d772e,25321-09-9,single_model_exploratory,False,False,0.0,0.029666666667,,,"1,2-diisopropylbenzene",water-OKIRBHVFJGXOIS-UHFFFAOYSA-N,74ab06a76bc6ab06899449c4b4aed297759eadf8574e4df475ae5f36757b0e21,24,,False,,coarse,incomplete_models_or_reference,0,,
1,3f5d3d6cc81ccac3ff2616e8,25321-09-9,single_model_exploratory,False,False,0.0,0.049333333333,,,"1,2-diisopropylbenzene",water-OKIRBHVFJGXOIS-UHFFFAOYSA-N,74ab06a76bc6ab06899449c4b4aed297759eadf8574e4df475ae5f36757b0e21,24,,False,,coarse,incomplete_models_or_reference,0,,
1,76c45b5bfd3317c0e7d3d0cd,25321-09-9,single_model_exploratory,False,False,0.0,0.069,,,"1,2-diisopropylbenzene",water-OKIRBHVFJGXOIS-UHFFFAOYSA-N,74ab06a76bc6ab06899449c4b4aed297759eadf8574e4df475ae5f36757b0e21,24,,False,,coarse,incomplete_models_or_reference,0,,
1,7535a2748dbedab8588c02f9,25321-09-9,single_model_exploratory,False,False,0.0,0.088666666667,,,"1,2-diisopropylbenzene",water-OKIRBHVFJGXOIS-UHFFFAOYSA-N,74ab06a76bc6ab06899449c4b4aed297759eadf8574e4df475ae5f36757b0e21,24,,False,,coarse,incomplete_models_or_reference,0,,
1,d9c2d8d423a2be5ca3aa9ab6,25321-09-9,single_model_exploratory,False,False,0.0,0.108333333333,,,"1,2-diisopropylbenzene",water-OKIRBHVFJGXOIS-UHFFFAOYSA-N,74ab06a76bc6ab06899449c4b4aed297759eadf8574e4df475ae5f36757b0e21,24,,False,,coarse,incomplete_models_or_reference,0,,
1,4847b3ba4386386372b82bf2,25321-09-9,single_model_exploratory,False,False,0.0,0.128,,,"1,2-diisopropylbenzene",water-OKIRBHVFJGXOIS-UHFFFAOYSA-N,74ab06a76bc6ab06899449c4b4aed297759eadf8574e4df475ae5f36757b0e21,24,,False,,coarse,incomplete_models_or_reference,0,,
1,c372b6808f32b02c7f0e48de,25321-09-9,single_model_exploratory,False,False,0.0,0.147666666667,,,"1,2-diisopropylbenzene",water-OKIRBHVFJGXOIS-UHFFFAOYSA-N,74ab06a76bc6ab06899449c4b4aed297759eadf8574e4df475ae5f36757b0e21,24,,False,,coarse,incomplete_models_or_reference,0,,
1,423095ec16ec27a172e9553f,25321-09-9,single_model_exploratory,False,False,0.0,0.167333333333,,,"1,2-diisopropylbenzene",water-OKIRBHVFJGXOIS-UHFFFAOYSA-N,74ab06a76bc6ab06899449c4b4aed297759eadf8574e4df475ae5f36757b0e21,24,,False,,coarse,incomplete_models_or_reference,0,,
1,0e9967af1756e14e983fcc31,25321-09-9,single_model_exploratory,False,False,0.0,0.187,,,"1,2-diisopropylbenzene",water-OKIRBHVFJGXOIS-UHFFFAOYSA-N,74ab06a76bc6ab06899449c4b4aed297759eadf8574e4df475ae5f36757b0e21,24,,False,,coarse,incomplete_models_or_reference,0,,
1,0a1fd90f39c1e88e72216df1,25321-09-9,single_model_exploratory,False,False,0.0,0.206666666667,,,"1,2-diisopropylbenzene",water-OKIRBHVFJGXOIS-UHFFFAOYSA-N,74ab06a76bc6ab06899449c4b4aed297759eadf8574e4df475ae5f36757b0e21,24,,False,,coarse,incomplete_models_or_reference,0,,
1,e5056c7796a424d7167a441b,25321-09-9,single_model_exploratory,False,False,0.0,0.226333333333,,,"1,2-diisopropylbenzene",water-OKIRBHVFJGXOIS-UHFFFAOYSA-N,74ab06a76bc6ab06899449c4b4aed297759eadf8574e4df475ae5f36757b0e21,24,,False,,coarse,incomplete_models_or_reference,0,,
1,8ca726df8042560744c70d10,25321-09-9,single_model_exploratory,False,False,0.0,0.246,,,"1,2-diisopropylbenzene",water-OKIRBHVFJGXOIS-UHFFFAOYSA-N,74ab06a76bc6ab06899449c4b4aed297759eadf8574e4df475ae5f36757b0e21,24,,False,,coarse,incomplete_models_or_reference,0,,
1,8886df81518ae65da40a6771,25321-09-9,single_model_exploratory,False,False,0.0,0.265666666667,,,"1,2-diisopropylbenzene",water-OKIRBHVFJGXOIS-UHFFFAOYSA-N,74ab06a76bc6ab06899449c4b4aed297759eadf8574e4df475ae5f36757b0e21,24,,False,,coarse,incomplete_models_or_reference,0,,
1,60e497ab66f125d9b29b7a7c,25321-09-9,single_model_exploratory,False,False,0.0,0.285333333333,,,"1,2-diisopropylbenzene",water-OKIRBHVFJGXOIS-UHFFFAOYSA-N,74ab06a76bc6ab06899449c4b4aed297759eadf8574e4df475ae5f36757b0e21,24,,False,,coarse,incomplete_models_or_reference,0,,
1,2a3793600179b3c3ce7b86a2,25321-09-9,single_model_exploratory,False,False,0.0,0.305,,,"1,2-diisopropylbenzene",water-OKIRBHVFJGXOIS-UHFFFAOYSA-N,74ab06a76bc6ab06899449c4b4aed297759eadf8574e4df475ae5f36757b0e21,24,,False,,coarse,incomplete_models_or_reference,0,,
1,0fd7dec7692c842e928a8104,25321-09-9,single_model_exploratory,False,False,0.0,0.324666666667,,,"1,2-diisopropylbenzene",water-OKIRBHVFJGXOIS-UHFFFAOYSA-N,74ab06a76bc6ab06899449c4b4aed297759eadf8574e4df475ae5f36757b0e21,24,,False,,coarse,incomplete_models_or_reference,0,,
1,b480ad9ae772d5665449b6df,25321-09-9,single_model_exploratory,False,False,0.0,0.344333333333,,,"1,2-diisopropylbenzene",water-OKIRBHVFJGXOIS-UHFFFAOYSA-N,74ab06a76bc6ab06899449c4b4aed297759eadf8574e4df475ae5f36757b0e21,24,,False,,coarse,incomplete_models_or_reference,0,,
1,c2f6f131a381a697d76fbf24,25321-09-9,single_model_exploratory,False,False,0.0,0.364,,,"1,2-diisopropylbenzene",water-OKIRBHVFJGXOIS-UHFFFAOYSA-N,74ab06a76bc6ab06899449c4b4aed297759eadf8574e4df475ae5f36757b0e21,24,,False,,coarse,incomplete_models_or_reference,0,,
1,6ac740ecb2ad03f4d0935bfa,25321-09-9,single_model_exploratory,False,False,0.0,0.383666666667,,,"1,2-diisopropylbenzene",water-OKIRBHVFJGXOIS-UHFFFAOYSA-N,74ab06a76bc6ab06899449c4b4aed297759eadf8574e4df475ae5f36757b0e21,24,,False,,coarse,incomplete_models_or_reference,0,,
1,c9cc55ff5f4f7cfd7d734177,25321-09-9,single_model_exploratory,False,False,0.0,0.403333333333,,,"1,2-diisopropylbenzene",water-OKIRBHVFJGXOIS-UHFFFAOYSA-N,74ab06a76bc6ab06899449c4b4aed297759eadf8574e4df475ae5f36757b0e21,24,,False,,coarse,incomplete_models_or_reference,0,,
1,dee5111b2eab558b6008fc08,25321-09-9,single_model_exploratory,False,False,0.0,0.423,,,"1,2-diisopropylbenzene",water-OKIRBHVFJGXOIS-UHFFFAOYSA-N,74ab06a76bc6ab06899449c4b4aed297759eadf8574e4df475ae5f36757b0e21,24,,False,,coarse,incomplete_models_or_reference,0,,
1,ccd531cf615bb0f6a0e788bb,25321-09-9,single_model_exploratory,False,False,0.0,0.442666666667,,,"1,2-diisopropylbenzene",water-OKIRBHVFJGXOIS-UHFFFAOYSA-N,74ab06a76bc6ab06899449c4b4aed297759eadf8574e4df475ae5f36757b0e21,24,,False,,coarse,incomplete_models_or_reference,0,,
1,c6b0c918ae4a8adba1124f92,25321-09-9,single_model_exploratory,False,False,0.0,0.462333333333,,,"1,2-diisopropylbenzene",water-OKIRBHVFJGXOIS-UHFFFAOYSA-N,74ab06a76bc6ab06899449c4b4aed297759eadf8574e4df475ae5f36757b0e21,24,,False,,coarse,incomplete_models_or_reference,0,,
1,1da6b19f82b31ac04fc81310,25321-09-9,single_model_exploratory,False,False,0.0,0.482,,,"1,2-diisopropylbenzene",water-OKIRBHVFJGXOIS-UHFFFAOYSA-N,74ab06a76bc6ab06899449c4b4aed297759eadf8574e4df475ae5f36757b0e21,24,,False,,coarse,incomplete_models_or_reference,0,,
1,1abdcefe44107eb424962685,25321-09-9,single_model_exploratory,False,False,0.0,0.501666666667,,,"1,2-diisopropylbenzene",water-OKIRBHVFJGXOIS-UHFFFAOYSA-N,74ab06a76bc6ab06899449c4b4aed297759eadf8574e4df475ae5f36757b0e21,24,,False,,coarse,incomplete_models_or_reference,0,,
1,1ee9c1ddd4c1b7f3943b2393,25321-09-9,single_model_exploratory,False,False,0.0,0.521333333333,,,"1,2-diisopropylbenzene",water-OKIRBHVFJGXOIS-UHFFFAOYSA-N,74ab06a76bc6ab06899449c4b4aed297759eadf8574e4df475ae5f36757b0e21,24,,False,,coarse,incomplete_models_or_reference,0,,
1,748455db68c0226ddf2c3fc3,25321-09-9,single_model_exploratory,False,False,0.0,0.541,,,"1,2-diisopropylbenzene",water-OKIRBHVFJGXOIS-UHFFFAOYSA-N,74ab06a76bc6ab06899449c4b4aed297759eadf8574e4df475ae5f36757b0e21,24,,False,,coarse,incomplete_models_or_reference,0,,
1,c0571bacc9d24859fdb126a4,25321-09-9,single_model_exploratory,False,False,0.0,0.560666666667,,,"1,2-diisopropylbenzene",water-OKIRBHVFJGXOIS-UHFFFAOYSA-N,74ab06a76bc6ab06899449c4b4aed297759eadf8574e4df475ae5f36757b0e21,24,,False,,coarse,incomplete_models_or_reference,0,,
1,045175e0b800fc68683d12b3,25321-09-9,single_model_exploratory,False,False,0.0,0.580333333333,,,"1,2-diisopropylbenzene",water-OKIRBHVFJGXOIS-UHFFFAOYSA-N,74ab06a76bc6ab06899449c4b4aed297759eadf8574e4df475ae5f36757b0e21,24,,False,,coarse,incomplete_models_or_reference,0,,
1,db274bad602ffa129f36d079,25321-09-9,single_model_exploratory,False,False,0.0,0.6,,,"1,2-diisopropylbenzene",water-OKIRBHVFJGXOIS-UHFFFAOYSA-N,74ab06a76bc6ab06899449c4b4aed297759eadf8574e4df475ae5f36757b0e21,24,,False,,coarse,incomplete_models_or_reference,0,,
1,7afb6e30be7f881eaf4d944c,7778-83-8,single_model_exploratory,False,False,1.0,0.0001,0.9990794968751167,,propyl cinnamate,water-OLLPXZHNCXACMM-CMDGGOBGSA-N,74ab06a76bc6ab06899449c4b4aed297759eadf8574e4df475ae5f36757b0e21,24,,False,,coarse,complete_model_estimate,1,,2687.737904259212
1,109a19ce59ba308bba4e5f70,7778-83-8,single_model_exploratory,False,False,1.0,0.000166810054,0.9991206611618116,,propyl cinnamate,water-OLLPXZHNCXACMM-CMDGGOBGSA-N,74ab06a76bc6ab06899449c4b4aed297759eadf8574e4df475ae5f36757b0e21,24,,False,,coarse,complete_model_estimate,1,,2687.8486450100713
1,9b7ccd595a77d83a6b48b558,7778-83-8,single_model_exploratory,False,False,1.0,0.00027825594,0.9991893345804307,,propyl cinnamate,water-OLLPXZHNCXACMM-CMDGGOBGSA-N,74ab06a76bc6ab06899449c4b4aed297759eadf8574e4df475ae5f36757b0e21,24,,False,,coarse,complete_model_estimate,1,,2688.033391219772
1,ad37afd373513fbed127a8d8,7778-83-8,single_model_exploratory,False,False,1.0,0.000464158883,0.9993039089268186,,propyl cinnamate,water-OLLPXZHNCXACMM-CMDGGOBGSA-N,74ab06a76bc6ab06899449c4b4aed297759eadf8574e4df475ae5f36757b0e21,24,,False,,coarse,complete_model_estimate,1,,2688.3416207596692
1,e6f0562964cca075c7ed4fb4,7778-83-8,single_model_exploratory,False,False,1.0,0.000774263683,0.9994950866281637,,propyl cinnamate,water-OLLPXZHNCXACMM-CMDGGOBGSA-N,74ab06a76bc6ab06899449c4b4aed297759eadf8574e4df475ae5f36757b0e21,24,,False,,coarse,complete_model_estimate,1,,2688.8559297370443
1,a828e54842931099ee06d51f,7778-83-8,single_model_exploratory,False,False,1.0,0.001291549665,0.9998141466551698,,propyl cinnamate,water-OLLPXZHNCXACMM-CMDGGOBGSA-N,74ab06a76bc6ab06899449c4b4aed297759eadf8574e4df475ae5f36757b0e21,24,,False,,coarse,complete_model_estimate,1,,2689.714269569861
1,c6fc8c7c4a9fd3ca3d0c8bca,7778-83-8,single_model_exploratory,False,False,1.0,0.00215443469,1.0003468065175158,,propyl cinnamate,water-OLLPXZHNCXACMM-CMDGGOBGSA-N,74ab06a76bc6ab06899449c4b4aed297759eadf8574e4df475ae5f36757b0e21,24,,False,,coarse,complete_model_estimate,1,,2691.147238724551
1,f426073a90dbafecef1de0d6,7778-83-8,single_model_exploratory,False,False,1.0,0.003593813664,1.001236551120836,,propyl cinnamate,water-OLLPXZHNCXACMM-CMDGGOBGSA-N,74ab06a76bc6ab06899449c4b4aed297759eadf8574e4df475ae5f36757b0e21,24,,False,,coarse,complete_model_estimate,1,,2693.540842339612
1,009e881a0703b4608fb6cae7,7778-83-8,single_model_exploratory,False,False,1.0,0.005994842503,1.0027241237309723,,propyl cinnamate,water-OLLPXZHNCXACMM-CMDGGOBGSA-N,74ab06a76bc6ab06899449c4b4aed297759eadf8574e4df475ae5f36757b0e21,24,,False,,coarse,complete_model_estimate,1,,2697.542731380581
1,ac1a18fb0413214ee5e58c70,7778-83-8,single_model_exploratory,False,False,1.0,0.01,1.005215021666344,,propyl cinnamate,water-OLLPXZHNCXACMM-CMDGGOBGSA-N,74ab06a76bc6ab06899449c4b4aed297759eadf8574e4df475ae5f36757b0e21,24,,False,,coarse,complete_model_estimate,1,,2704.243780513787
1,57a1cae4b81ed73af0461055,7778-83-8,single_model_exploratory,False,False,1.0,0.029666666667,1.0176209872066249,,propyl cinnamate,water-OLLPXZHNCXACMM-CMDGGOBGSA-N,74ab06a76bc6ab06899449c4b4aed297759eadf8574e4df475ae5f36757b0e21,24,,False,,coarse,complete_model_estimate,1,,2737.618485855893
1,79ca40071d68a37f21689a52,7778-83-8,single_model_exploratory,False,False,1.0,0.049333333333,1.030325550448233,,propyl cinnamate,water-OLLPXZHNCXACMM-CMDGGOBGSA-N,74ab06a76bc6ab06899449c4b4aed297759eadf8574e4df475ae5f36757b0e21,24,,False,,coarse,complete_model_estimate,1,,2771.7964829905864
1,fc2442ab0be7b6af2926c1dd,7778-83-8,single_model_exploratory,False,False,1.0,0.069,1.043340167073037,,propyl cinnamate,water-OLLPXZHNCXACMM-CMDGGOBGSA-N,74ab06a76bc6ab06899449c4b4aed297759eadf8574e4df475ae5f36757b0e21,24,,False,,coarse,complete_model_estimate,1,,2806.8085901565287
1,53307e5d0dccafd04f040712,7778-83-8,single_model_exploratory,False,False,1.0,0.088666666667,1.0566768354415725,,propyl cinnamate,water-OLLPXZHNCXACMM-CMDGGOBGSA-N,74ab06a76bc6ab06899449c4b4aed297759eadf8574e4df475ae5f36757b0e21,24,,False,,coarse,complete_model_estimate,1,,2842.6870855142697
1,ad282a6f17ec1fb2b3987152,7778-83-8,single_model_exploratory,False,False,1.0,0.108333333333,1.0703481340396306,,propyl cinnamate,water-OLLPXZHNCXACMM-CMDGGOBGSA-N,74ab06a76bc6ab06899449c4b4aed297759eadf8574e4df475ae5f36757b0e21,24,,False,,coarse,complete_model_estimate,1,,2879.4658078855887
1,3970acd55a7c8cf6c681c06d,7778-83-8,single_model_exploratory,False,False,1.0,0.128,1.0843672613932693,,propyl cinnamate,water-OLLPXZHNCXACMM-CMDGGOBGSA-N,74ab06a76bc6ab06899449c4b4aed297759eadf8574e4df475ae5f36757b0e21,24,,False,,coarse,complete_model_estimate,1,,2917.18026413343
1,025d149ef33e7f33fd96c210,7778-83-8,single_model_exploratory,False,False,1.0,0.147666666667,1.0987480787163262,,propyl cinnamate,water-OLLPXZHNCXACMM-CMDGGOBGSA-N,74ab06a76bc6ab06899449c4b4aed297759eadf8574e4df475ae5f36757b0e21,24,,False,,coarse,complete_model_estimate,1,,2955.8677438928494
1,82b34ad4bfebb1c9f416c6dd,7778-83-8,single_model_exploratory,False,False,1.0,0.167333333333,1.1135051555921671,,propyl cinnamate,water-OLLPXZHNCXACMM-CMDGGOBGSA-N,74ab06a76bc6ab06899449c4b4aed297759eadf8574e4df475ae5f36757b0e21,24,,False,,coarse,complete_model_estimate,1,,2995.567442464707
1,e417eb2f63eb8098a06bf6ac,7778-83-8,single_model_exploratory,False,False,1.0,0.187,1.1286538189946873,,propyl cinnamate,water-OLLPXZHNCXACMM-CMDGGOBGSA-N,74ab06a76bc6ab06899449c4b4aed297759eadf8574e4df475ae5f36757b0e21,24,,False,,coarse,complete_model_estimate,1,,3036.3205926926585
1,ac932cd8ee0e341b70efb772,7778-83-8,single_model_exploratory,False,False,1.0,0.206666666667,1.144210205977228,,propyl cinnamate,water-OLLPXZHNCXACMM-CMDGGOBGSA-N,74ab06a76bc6ab06899449c4b4aed297759eadf8574e4df475ae5f36757b0e21,24,,False,,coarse,complete_model_estimate,1,,3078.1706067076343
1,6791fda14afab3a17372748d,7778-83-8,single_model_exploratory,False,False,1.0,0.226333333333,1.1601913204069292,,propyl cinnamate,water-OLLPXZHNCXACMM-CMDGGOBGSA-N,74ab06a76bc6ab06899449c4b4aed297759eadf8574e4df475ae5f36757b0e21,24,,False,,coarse,complete_model_estimate,1,,3121.163228555404
1,eb06a9c11b5e8a483f58495b,7778-83-8,single_model_exploratory,False,False,1.0,0.246,1.1766150941339675,,propyl cinnamate,water-OLLPXZHNCXACMM-CMDGGOBGSA-N,74ab06a76bc6ab06899449c4b4aed297759eadf8574e4df475ae5f36757b0e21,24,,False,,coarse,complete_model_estimate,1,,3165.3466987549286
1,ee442da3dd8a4e4a9d7f1d14,7778-83-8,single_model_exploratory,False,False,1.0,0.265666666667,1.1935004530186737,,propyl cinnamate,water-OLLPXZHNCXACMM-CMDGGOBGSA-N,74ab06a76bc6ab06899449c4b4aed297759eadf8574e4df475ae5f36757b0e21,24,,False,,coarse,complete_model_estimate,1,,3210.7719319254556
1,5f9875ae27009a2b7e76ee81,7778-83-8,single_model_exploratory,False,False,1.0,0.285333333333,1.2108673883005452,,propyl cinnamate,water-OLLPXZHNCXACMM-CMDGGOBGSA-N,74ab06a76bc6ab06899449c4b4aed297759eadf8574e4df475ae5f36757b0e21,24,,False,,coarse,complete_model_estimate,1,,3257.4927087844535
1,4ddf347c5be740561b436b42,7778-83-8,single_model_exploratory,False,False,1.0,0.305,1.2287370338137291,,propyl cinnamate,water-OLLPXZHNCXACMM-CMDGGOBGSA-N,74ab06a76bc6ab06899449c4b4aed297759eadf8574e4df475ae5f36757b0e21,24,,False,,coarse,complete_model_estimate,1,,3305.565883873807
1,71034043a8205a01c69ce7e4,7778-83-8,single_model_exploratory,False,False,1.0,0.324666666667,1.2471317495970318,,propyl cinnamate,water-OLLPXZHNCXACMM-CMDGGOBGSA-N,74ab06a76bc6ab06899449c4b4aed297759eadf8574e4df475ae5f36757b0e21,24,,False,,coarse,complete_model_estimate,1,,3355.05161048865
1,c3dfa859b0adec2018897657,7778-83-8,single_model_exploratory,False,False,1.0,0.344333333333,1.266075212518713,,propyl cinnamate,water-OLLPXZHNCXACMM-CMDGGOBGSA-N,74ab06a76bc6ab06899449c4b4aed297759eadf8574e4df475ae5f36757b0e21,24,,False,,coarse,complete_model_estimate,1,,3406.0135844774886
1,bd2c7a9ad158cfee658bb4d6,7778-83-8,single_model_exploratory,False,False,1.0,0.364,1.285592514562911,,propyl cinnamate,water-OLLPXZHNCXACMM-CMDGGOBGSA-N,74ab06a76bc6ab06899449c4b4aed297759eadf8574e4df475ae5f36757b0e21,24,,False,,coarse,complete_model_estimate,1,,3458.5193086537342
1,f77d579b1002f8cd3e5adc22,7778-83-8,single_model_exploratory,False,False,1.0,0.383666666667,1.3057102694728884,,propyl cinnamate,water-OLLPXZHNCXACMM-CMDGGOBGSA-N,74ab06a76bc6ab06899449c4b4aed297759eadf8574e4df475ae5f36757b0e21,24,,False,,coarse,complete_model_estimate,1,,3512.640379688887
1,ba671137685b02c0da2d36ad,7778-83-8,single_model_exploratory,False,False,1.0,0.403333333333,1.3264567285216384,,propyl cinnamate,water-OLLPXZHNCXACMM-CMDGGOBGSA-N,74ab06a76bc6ab06899449c4b4aed297759eadf8574e4df475ae5f36757b0e21,24,,False,,coarse,complete_model_estimate,1,,3568.452799560273
1,c3601a9888a627ad35d188e6,7778-83-8,single_model_exploratory,False,False,1.0,0.423,1.3478619061988624,,propyl cinnamate,water-OLLPXZHNCXACMM-CMDGGOBGSA-N,74ab06a76bc6ab06899449c4b4aed297759eadf8574e4df475ae5f36757b0e21,24,,False,,coarse,complete_model_estimate,1,,3626.0373136759395
1,2823f26dddd2fec00ac3538d,7778-83-8,single_model_exploratory,False,False,1.0,0.442666666667,1.3699577166350216,,propyl cinnamate,water-OLLPXZHNCXACMM-CMDGGOBGSA-N,74ab06a76bc6ab06899449c4b4aed297759eadf8574e4df475ae5f36757b0e21,24,,False,,coarse,complete_model_estimate,1,,3685.4797778845855
1,cbc86fc9f60dea0ca16ec86e,7778-83-8,single_model_exploratory,False,False,1.0,0.462333333333,1.3927781216286903,,propyl cinnamate,water-OLLPXZHNCXACMM-CMDGGOBGSA-N,74ab06a76bc6ab06899449c4b4aed297759eadf8574e4df475ae5f36757b0e21,24,,False,,coarse,complete_model_estimate,1,,3746.8715567008576
1,55c0a970d091c9d035aba55b,7778-83-8,single_model_exploratory,False,False,1.0,0.482,1.4163592911034932,,propyl cinnamate,water-OLLPXZHNCXACMM-CMDGGOBGSA-N,74ab06a76bc6ab06899449c4b4aed297759eadf8574e4df475ae5f36757b0e21,24,,False,,coarse,complete_model_estimate,1,,3810.309954968889
1,295a5f84589c027135ca288e,7778-83-8,single_model_exploratory,False,False,1.0,0.501666666667,1.4407397767606482,,propyl cinnamate,water-OLLPXZHNCXACMM-CMDGGOBGSA-N,74ab06a76bc6ab06899449c4b4aed297759eadf8574e4df475ae5f36757b0e21,24,,False,,coarse,complete_model_estimate,1,,3875.8986850248466
1,e2e384a5cb44c9e8ab2afb8a,7778-83-8,single_model_exploratory,False,False,1.0,0.521333333333,1.465960699597367,,propyl cinnamate,water-OLLPXZHNCXACMM-CMDGGOBGSA-N,74ab06a76bc6ab06899449c4b4aed297759eadf8574e4df475ae5f36757b0e21,24,,False,,coarse,complete_model_estimate,1,,3943.7483711616037
1,68b3e1acf25a3a043af13541,7778-83-8,single_model_exploratory,False,False,1.0,0.541,1.492065951696033,,propyl cinnamate,water-OLLPXZHNCXACMM-CMDGGOBGSA-N,74ab06a76bc6ab06899449c4b4aed297759eadf8574e4df475ae5f36757b0e21,24,,False,,coarse,complete_model_estimate,1,,4013.977092484865
1,dfae1d3f0aef4cb60d350457,7778-83-8,single_model_exploratory,False,False,1.0,0.560666666667,1.5191024122891579,,propyl cinnamate,water-OLLPXZHNCXACMM-CMDGGOBGSA-N,74ab06a76bc6ab06899449c4b4aed297759eadf8574e4df475ae5f36757b0e21,24,,False,,coarse,complete_model_estimate,1,,4086.710964174192
1,d19723ba676b86448476292c,7778-83-8,single_model_exploratory,False,False,1.0,0.580333333333,1.5471201774990462,,propyl cinnamate,water-OLLPXZHNCXACMM-CMDGGOBGSA-N,74ab06a76bc6ab06899449c4b4aed297759eadf8574e4df475ae5f36757b0e21,24,,False,,coarse,complete_model_estimate,1,,4162.084755531923
1,661474fccde12d0eb26821e0,7778-83-8,single_model_exploratory,False,False,1.0,0.6,1.5761728021069366,,propyl cinnamate,water-OLLPXZHNCXACMM-CMDGGOBGSA-N,74ab06a76bc6ab06899449c4b4aed297759eadf8574e4df475ae5f36757b0e21,24,,False,,coarse,complete_model_estimate,1,,4240.242540393963
1,5dea90b1a1bebbc2be1f6de9,33426-60-7,single_model_exploratory,False,False,1.0,0.0001,0.9990772849107802,,1-isopropoxy-2-methylbenzene,water-ONNCZAPKYZWFHQ-UHFFFAOYSA-N,74ab06a76bc6ab06899449c4b4aed297759eadf8574e4df475ae5f36757b0e21,24,,False,,coarse,complete_model_estimate,1,,2687.731953601223
1,75178c96eb90a40a4d17b3bb,33426-60-7,single_model_exploratory,False,False,1.0,0.000166810054,0.9991169710908046,,1-isopropoxy-2-methylbenzene,water-ONNCZAPKYZWFHQ-UHFFFAOYSA-N,74ab06a76bc6ab06899449c4b4aed297759eadf8574e4df475ae5f36757b0e21,24,,False,,coarse,complete_model_estimate,1,,2687.8387179284464
1,76378dda44ca238e77caa64b,33426-60-7,single_model_exploratory,False,False,1.0,0.00027825594,0.9991831783581145,,1-isopropoxy-2-methylbenzene,water-ONNCZAPKYZWFHQ-UHFFFAOYSA-N,74ab06a76bc6ab06899449c4b4aed297759eadf8574e4df475ae5f36757b0e21,24,,False,,coarse,complete_model_estimate,1,,2688.0168296627407
1,8c4a03f7f4065bf52d16ec95,33426-60-7,single_model_exploratory,False,False,1.0,0.000464158883,0.9992936374666032,,1-isopropoxy-2-methylbenzene,water-ONNCZAPKYZWFHQ-UHFFFAOYSA-N,74ab06a76bc6ab06899449c4b4aed297759eadf8574e4df475ae5f36757b0e21,24,,False,,coarse,complete_model_estimate,1,,2688.313988330979
1,177e774092dd68623ca7dd9c,33426-60-7,single_model_exploratory,False,False,1.0,0.000774263683,0.9994779465020165,,1-isopropoxy-2-methylbenzene,water-ONNCZAPKYZWFHQ-UHFFFAOYSA-N,74ab06a76bc6ab06899449c4b4aed297759eadf8574e4df475ae5f36757b0e21,24,,False,,coarse,complete_model_estimate,1,,2688.8098191253525
1,2c0bfd1a1f627ff14759389c,33426-60-7,single_model_exploratory,False,False,1.0,0.001291549665,0.9997855376663898,,1-isopropoxy-2-methylbenzene,water-ONNCZAPKYZWFHQ-UHFFFAOYSA-N,74ab06a76bc6ab06899449c4b4aed297759eadf8574e4df475ae5f36757b0e21,24,,False,,coarse,complete_model_estimate,1,,2689.637305260427
1,6ac79981ecdc493ca7b52418,33426-60-7,single_model_exploratory,False,False,1.0,0.00215443469,1.0002990350037873,,1-isopropoxy-2-methylbenzene,water-ONNCZAPKYZWFHQ-UHFFFAOYSA-N,74ab06a76bc6ab06899449c4b4aed297759eadf8574e4df475ae5f36757b0e21,24,,False,,coarse,complete_model_estimate,1,,2691.0187231173404
1,5fe831caca722f7330ab7eff,33426-60-7,single_model_exploratory,False,False,1.0,0.003593813664,1.0011567272813153,,1-isopropoxy-2-methylbenzene,water-ONNCZAPKYZWFHQ-UHFFFAOYSA-N,74ab06a76bc6ab06899449c4b4aed297759eadf8574e4df475ae5f36757b0e21,24,,False,,coarse,complete_model_estimate,1,,2693.326099108653
1,899f8398f10075a550caffeb,33426-60-7,single_model_exploratory,False,False,1.0,0.005994842503,1.0025905895718383,,1-isopropoxy-2-methylbenzene,water-ONNCZAPKYZWFHQ-UHFFFAOYSA-N,74ab06a76bc6ab06899449c4b4aed297759eadf8574e4df475ae5f36757b0e21,24,,False,,coarse,complete_model_estimate,1,,2697.183495882164
1,6acd2a515d61ee951484d10f,33426-60-7,single_model_exploratory,False,False,1.0,0.01,1.004991210741099,,1-isopropoxy-2-methylbenzene,water-ONNCZAPKYZWFHQ-UHFFFAOYSA-N,74ab06a76bc6ab06899449c4b4aed297759eadf8574e4df475ae5f36757b0e21,24,,False,,coarse,complete_model_estimate,1,,2703.6416811722934
1,15b63c7a01f6e87b53361d3e,33426-60-7,single_model_exploratory,False,False,1.0,0.029666666667,1.016941247518509,,1-isopropoxy-2-methylbenzene,water-ONNCZAPKYZWFHQ-UHFFFAOYSA-N,74ab06a76bc6ab06899449c4b4aed297759eadf8574e4df475ae5f36757b0e21,24,,False,,coarse,complete_model_estimate,1,,2735.7898404573107
1,f118ffa73fd15079aec0812b,33426-60-7,single_model_exploratory,False,False,1.0,0.049333333333,1.0291681430522164,,1-isopropoxy-2-methylbenzene,water-ONNCZAPKYZWFHQ-UHFFFAOYSA-N,74ab06a76bc6ab06899449c4b4aed297759eadf8574e4df475ae5f36757b0e21,24,,False,,coarse,complete_model_estimate,1,,2768.6828091151106
1,d5eff86d2d192f28357f6966,33426-60-7,single_model_exploratory,False,False,1.0,0.069,1.0416822857003127,,1-isopropoxy-2-methylbenzene,water-ONNCZAPKYZWFHQ-UHFFFAOYSA-N,74ab06a76bc6ab06899449c4b4aed297759eadf8574e4df475ae5f36757b0e21,24,,False,,coarse,complete_model_estimate,1,,2802.348534054714
1,9b412c336e8995bacd22c5b7,33426-60-7,single_model_exploratory,False,False,1.0,0.088666666667,1.054494521273868,,1-isopropoxy-2-methylbenzene,water-ONNCZAPKYZWFHQ-UHFFFAOYSA-N,74ab06a76bc6ab06899449c4b4aed297759eadf8574e4df475ae5f36757b0e21,24,,False,,coarse,complete_model_estimate,1,,2836.816192831668
1,c709ca3159fc4e1c9bb633a2,33426-60-7,single_model_exploratory,False,False,1.0,0.108333333333,1.0676161836349198,,1-isopropoxy-2-methylbenzene,water-ONNCZAPKYZWFHQ-UHFFFAOYSA-N,74ab06a76bc6ab06899449c4b4aed297759eadf8574e4df475ae5f36757b0e21,24,,False,,coarse,complete_model_estimate,1,,2872.11627596319
1,79a9977680d1fabd1fb23be7,33426-60-7,single_model_exploratory,False,False,1.0,0.128,1.081059126929194,,1-isopropoxy-2-methylbenzene,water-ONNCZAPKYZWFHQ-UHFFFAOYSA-N,74ab06a76bc6ab06899449c4b4aed297759eadf8574e4df475ae5f36757b0e21,24,,False,,coarse,complete_model_estimate,1,,2908.2806736410903
1,be1f6a18d243dfe4309537fe,33426-60-7,single_model_exploratory,False,False,1.0,0.147666666667,1.094835759620446,,1-isopropoxy-2-methylbenzene,water-ONNCZAPKYZWFHQ-UHFFFAOYSA-N,74ab06a76bc6ab06899449c4b4aed297759eadf8574e4df475ae5f36757b0e21,24,,False,,coarse,complete_model_estimate,1,,2945.3427672914445
1,9da05ee60e3bbd1a869e0322,33426-60-7,single_model_exploratory,False,False,1.0,0.167333333333,1.1089590805141687,,1-isopropoxy-2-methylbenzene,water-ONNCZAPKYZWFHQ-UHFFFAOYSA-N,74ab06a76bc6ab06899449c4b4aed297759eadf8574e4df475ae5f36757b0e21,24,,False,,coarse,complete_model_estimate,1,,2983.3375264860865
1,7a4a71b87b806bdfef4b9f98,33426-60-7,single_model_exploratory,False,False,1.0,0.187,1.12344271694404,,1-isopropoxy-2-methylbenzene,water-ONNCZAPKYZWFHQ-UHFFFAOYSA-N,74ab06a76bc6ab06899449c4b4aed297759eadf8574e4df475ae5f36757b0e21,24,,False,,coarse,complete_model_estimate,1,,3022.301611672334
1,a5460f36ce39930000ea52bc,33426-60-7,single_model_exploratory,False,False,1.0,0.206666666667,1.138300965296654,,1-isopropoxy-2-methylbenzene,water-ONNCZAPKYZWFHQ-UHFFFAOYSA-N,74ab06a76bc6ab06899449c4b4aed297759eadf8574e4df475ae5f36757b0e21,24,,False,,coarse,complete_model_estimate,1,,3062.273483193194
1,a13f217ffaa3a0b80caf5b20,33426-60-7,single_model_exploratory,False,False,1.0,0.226333333333,1.1535488340729045,,1-isopropoxy-2-methylbenzene,water-ONNCZAPKYZWFHQ-UHFFFAOYSA-N,74ab06a76bc6ab06899449c4b4aed297759eadf8574e4df475ae5f36757b0e21,24,,False,,coarse,complete_model_estimate,1,,3103.293517131716
1,f13172d0fefb631712984113,33426-60-7,single_model_exploratory,False,False,1.0,0.246,1.1692020896674913,,1-isopropoxy-2-methylbenzene,water-ONNCZAPKYZWFHQ-UHFFFAOYSA-N,74ab06a76bc6ab06899449c4b4aed297759eadf8574e4df475ae5f36757b0e21,24,,False,,coarse,complete_model_estimate,1,,3145.4041284676696
1,ba980cb60db42ef7fe17033d,33426-60-7,single_model_exploratory,False,False,1.0,0.265666666667,1.185277305046808,,1-isopropoxy-2-methylbenzene,water-ONNCZAPKYZWFHQ-UHFFFAOYSA-N,74ab06a76bc6ab06899449c4b4aed297759eadf8574e4df475ae5f36757b0e21,24,,False,,coarse,complete_model_estimate,1,,3188.649902031493
1,5c53e0a4ed807be943b93585,33426-60-7,single_model_exploratory,False,False,1.0,0.285333333333,1.2017919115240059,,1-isopropoxy-2-methylbenzene,water-ONNCZAPKYZWFHQ-UHFFFAOYSA-N,74ab06a76bc6ab06899449c4b4aed297759eadf8574e4df475ae5f36757b0e21,24,,False,,coarse,complete_model_estimate,1,,3233.077731790308
1,7176e15c0bb00e21ba3a8b0b,33426-60-7,single_model_exploratory,False,False,1.0,0.305,1.2187642538023333,,1-isopropoxy-2-methylbenzene,water-ONNCZAPKYZWFHQ-UHFFFAOYSA-N,74ab06a76bc6ab06899449c4b4aed297759eadf8574e4df475ae5f36757b0e21,24,,False,,coarse,complete_model_estimate,1,,3278.736968926293
1,80aaa8ae096f42857706592f,33426-60-7,single_model_exploratory,False,False,1.0,0.324666666667,1.2362136484427222,,1-isopropoxy-2-methylbenzene,water-ONNCZAPKYZWFHQ-UHFFFAOYSA-N,74ab06a76bc6ab06899449c4b4aed297759eadf8574e4df475ae5f36757b0e21,24,,False,,coarse,complete_model_estimate,1,,3325.6795791270238
1,2e957a1abef3cacd2de77f10,33426-60-7,single_model_exploratory,False,False,1.0,0.344333333333,1.2541604459122093,,1-isopropoxy-2-methylbenzene,water-ONNCZAPKYZWFHQ-UHFFFAOYSA-N,74ab06a76bc6ab06899449c4b4aed297759eadf8574e4df475ae5f36757b0e21,24,,False,,coarse,complete_model_estimate,1,,3373.960309509016
1,c638b1cdf2799349c6adc396,33426-60-7,single_model_exploratory,False,False,1.0,0.364,1.2726260963128098,,1-isopropoxy-2-methylbenzene,water-ONNCZAPKYZWFHQ-UHFFFAOYSA-N,74ab06a76bc6ab06899449c4b4aed297759eadf8574e4df475ae5f36757b0e21,24,,False,,coarse,complete_model_estimate,1,,3423.636865442479
1,797a7db7aa3f562331455812,33426-60-7,single_model_exploratory,False,False,1.0,0.383666666667,1.2916332188369488,,1-isopropoxy-2-methylbenzene,water-ONNCZAPKYZWFHQ-UHFFFAOYSA-N,74ab06a76bc6ab06899449c4b4aed297759eadf8574e4df475ae5f36757b0e21,24,,False,,coarse,complete_model_estimate,1,,3474.77009740131
1,15207990ccf02146657e9fc1,33426-60-7,single_model_exploratory,False,False,1.0,0.403333333333,1.3112056749457144,,1-isopropoxy-2-methylbenzene,water-ONNCZAPKYZWFHQ-UHFFFAOYSA-N,74ab06a76bc6ab06899449c4b4aed297759eadf8574e4df475ae5f36757b0e21,24,,False,,coarse,complete_model_estimate,1,,3527.42419782827
1,69dfe3f5b637db9b056eabd8,33426-60-7,single_model_exploratory,False,False,1.0,0.423,1.3313686451356714,,1-isopropoxy-2-methylbenzene,water-ONNCZAPKYZWFHQ-UHFFFAOYSA-N,74ab06a76bc6ab06899449c4b4aed297759eadf8574e4df475ae5f36757b0e21,24,,False,,coarse,complete_model_estimate,1,,3581.666907654163
1,0e86313fc28b55f6a3f924c1,33426-60-7,single_model_exploratory,False,False,1.0,0.442666666667,1.3521487090083069,,1-isopropoxy-2-methylbenzene,water-ONNCZAPKYZWFHQ-UHFFFAOYSA-N,74ab06a76bc6ab06899449c4b4aed297759eadf8574e4df475ae5f36757b0e21,24,,False,,coarse,complete_model_estimate,1,,3637.5697317017984
1,20856194d491a8a1b937c532,33426-60-7,single_model_exploratory,False,False,1.0,0.462333333333,1.3735739281751866,,1-isopropoxy-2-methylbenzene,water-ONNCZAPKYZWFHQ-UHFFFAOYSA-N,74ab06a76bc6ab06899449c4b4aed297759eadf8574e4df475ae5f36757b0e21,24,,False,,coarse,complete_model_estimate,1,,3695.208161718626
1,40b39796a8431fa2ce115e7c,33426-60-7,single_model_exploratory,False,False,1.0,0.482,1.39567393121683,,1-isopropoxy-2-methylbenzene,water-ONNCZAPKYZWFHQ-UHFFFAOYSA-N,74ab06a76bc6ab06899449c4b4aed297759eadf8574e4df475ae5f36757b0e21,24,,False,,coarse,complete_model_estimate,1,,3754.661904934311
