after,before,candidate_id
"{""available_model_count"":1,""candidate_id"":""1881ff4cc057a9e9dbed289e"",""cas_number"":""21504-43-8"",""evidence_tier"":""single_model_exploratory"",""experimental_winner"":false,""full_profile_evaluated"":true,""heat_coverage_min"":0.9999999999999997,""mass_fraction"":0.0001,""mass_ratio_vs_heos_water"":0.999070804388512,""model_relative_spread"":null,""name"":""1-propene, 1,1-diethoxy-"",""pair_id"":""water-AKKQRBAJPYHABK-UHFFFAOYSA-N"",""profile_hash"":""74ab06a76bc6ab06899449c4b4aed297759eadf8574e4df475ae5f36757b0e21"",""quadrature_node_count"":1234,""qualification"":""no_complete_mission_gain_hypothesis"",""rankable"":false,""relative_change_refined_to_exact"":-1.602202592820845e-08,""stage"":""exact"",""status"":""complete_model_estimate"",""successful_model_count"":1,""within_quadrature_tolerance"":true,""worst_model_mass_kg"":2687.713781885523}",,1881ff4cc057a9e9dbed289e
"{""available_model_count"":1,""candidate_id"":""2a8c6db421f918b2923120e8"",""cas_number"":""10020-43-6"",""evidence_tier"":""single_model_exploratory"",""experimental_winner"":false,""full_profile_evaluated"":true,""heat_coverage_min"":0.9999999999999997,""mass_fraction"":0.0001,""mass_ratio_vs_heos_water"":0.9990598130722574,""model_relative_spread"":null,""name"":""2-(octyloxy)ethanol"",""pair_id"":""water-ZQCIMPBZCZUDJM-UHFFFAOYSA-N"",""profile_hash"":""74ab06a76bc6ab06899449c4b4aed297759eadf8574e4df475ae5f36757b0e21"",""quadrature_node_count"":1234,""qualification"":""no_complete_mission_gain_hypothesis"",""rankable"":false,""relative_change_refined_to_exact"":-1.6021779014607773e-08,""stage"":""exact"",""status"":""complete_model_estimate"",""successful_model_count"":1,""within_quadrature_tolerance"":true,""worst_model_mass_kg"":2687.684212897971}",,2a8c6db421f918b2923120e8
"{""available_model_count"":1,""candidate_id"":""2abb0c7651f34964bbb1a50e"",""cas_number"":""24621-61-2"",""evidence_tier"":""single_model_exploratory"",""experimental_winner"":false,""full_profile_evaluated"":true,""heat_coverage_min"":0.9999999999999997,""mass_fraction"":0.0001,""mass_ratio_vs_heos_water"":0.999053220381765,""model_relative_spread"":null,""name"":""(s)-(+)-1,3-butanediol"",""pair_id"":""water-PUPZLCDOIYMWBV-BYPYZUCNSA-N"",""profile_hash"":""74ab06a76bc6ab06899449c4b4aed297759eadf8574e4df475ae5f36757b0e21"",""quadrature_node_count"":1234,""qualification"":""no_complete_mission_gain_hypothesis"",""rankable"":false,""relative_change_refined_to_exact"":-1.6021527549092696e-08,""stage"":""exact"",""status"":""complete_model_estimate"",""successful_model_count"":1,""within_quadrature_tolerance"":true,""worst_model_mass_kg"":2687.6664771528986}",,2abb0c7651f34964bbb1a50e
"{""available_model_count"":1,""candidate_id"":""36c1d5ca680caf03af3a44a0"",""cas_number"":""68604-39-7"",""evidence_tier"":""single_model_exploratory"",""experimental_winner"":false,""full_profile_evaluated"":true,""heat_coverage_min"":0.9999999999999997,""mass_fraction"":0.0001,""mass_ratio_vs_heos_water"":0.9990641893701069,""model_relative_spread"":null,""name"":""einecs 271-690-0"",""pair_id"":""water-AGHWLRVHEXUTPZ-ISFAVVKVSA-N"",""profile_hash"":""74ab06a76bc6ab06899449c4b4aed297759eadf8574e4df475ae5f36757b0e21"",""quadrature_node_count"":1234,""qualification"":""no_complete_mission_gain_hypothesis"",""rankable"":false,""relative_change_refined_to_exact"":-1.6021765469886873e-08,""stage"":""exact"",""status"":""complete_model_estimate"",""successful_model_count"":1,""within_quadrature_tolerance"":true,""worst_model_mass_kg"":2687.695986073598}",,36c1d5ca680caf03af3a44a0
"{""available_model_count"":1,""candidate_id"":""44bab9e9c1d7a299b763bf23"",""cas_number"":""1120-06-5"",""evidence_tier"":""single_model_exploratory"",""experimental_winner"":false,""full_profile_evaluated"":true,""heat_coverage_min"":0.9999999999999997,""mass_fraction"":0.0001,""mass_ratio_vs_heos_water"":0.9990656913938681,""model_relative_spread"":null,""name"":""2-decanol"",""pair_id"":""water-ACUZDYFTRHEKOS-UHFFFAOYSA-N"",""profile_hash"":""74ab06a76bc6ab06899449c4b4aed297759eadf8574e4df475ae5f36757b0e21"",""quadrature_node_count"":1234,""qualification"":""no_complete_mission_gain_hypothesis"",""rankable"":false,""relative_change_refined_to_exact"":-1.6022208559896e-08,""stage"":""exact"",""status"":""complete_model_estimate"",""successful_model_count"":1,""within_quadrature_tolerance"":true,""worst_model_mass_kg"":2687.7000268382226}",,44bab9e9c1d7a299b763bf23
"{""available_model_count"":1,""candidate_id"":""51d6b51e5222d7f73f5ecb17"",""cas_number"":""42856-62-2"",""evidence_tier"":""single_model_exploratory"",""experimental_winner"":false,""full_profile_evaluated"":true,""heat_coverage_min"":0.9999999999999997,""mass_fraction"":0.0001,""mass_ratio_vs_heos_water"":0.9990566199307654,""model_relative_spread"":null,""name"":""2-methylpentane-1,5-diol"",""pair_id"":""water-AAAWJUMVTPNRDT-UHFFFAOYSA-N"",""profile_hash"":""74ab06a76bc6ab06899449c4b4aed297759eadf8574e4df475ae5f36757b0e21"",""quadrature_node_count"":1234,""qualification"":""no_complete_mission_gain_hypothesis"",""rankable"":false,""relative_change_refined_to_exact"":-1.602164179104193e-08,""stage"":""exact"",""status"":""complete_model_estimate"",""successful_model_count"":1,""within_quadrature_tolerance"":true,""worst_model_mass_kg"":2687.6756226655693}",,51d6b51e5222d7f73f5ecb17
"{""available_model_count"":1,""candidate_id"":""538d6a286ef99c2f97078ce6"",""cas_number"":""142-92-7"",""evidence_tier"":""single_model_exploratory"",""experimental_winner"":false,""full_profile_evaluated"":true,""heat_coverage_min"":0.9999999999999997,""mass_fraction"":0.0001,""mass_ratio_vs_heos_water"":0.9990703838195469,""model_relative_spread"":null,""name"":""hexyl acetate"",""pair_id"":""water-AOGQPLXWSUTHQB-UHFFFAOYSA-N"",""profile_hash"":""74ab06a76bc6ab06899449c4b4aed297759eadf8574e4df475ae5f36757b0e21"",""quadrature_node_count"":1234,""qualification"":""no_complete_mission_gain_hypothesis"",""rankable"":false,""relative_change_refined_to_exact"":-1.6022101867463334e-08,""stage"":""exact"",""status"":""complete_model_estimate"",""successful_model_count"":1,""within_quadrature_tolerance"":true,""worst_model_mass_kg"":2687.7126504652088}",,538d6a286ef99c2f97078ce6
"{""available_model_count"":1,""candidate_id"":""5d5f6d02fdd6116da25d3f50"",""cas_number"":""17603-57-5"",""evidence_tier"":""single_model_exploratory"",""experimental_winner"":false,""full_profile_evaluated"":true,""heat_coverage_min"":0.9999999999999997,""mass_fraction"":0.0001,""mass_ratio_vs_heos_water"":0.9990627029376348,""model_relative_spread"":null,""name"":""4-methyl-1,3-heptadiene (c,t)"",""pair_id"":""water-AHWGKLXMXHPYBI-SOFGYWHQSA-N"",""profile_hash"":""74ab06a76bc6ab06899449c4b4aed297759eadf8574e4df475ae5f36757b0e21"",""quadrature_node_count"":1234,""qualification"":""no_complete_mission_gain_hypothesis"",""rankable"":false,""relative_change_refined_to_exact"":-1.6022283277905558e-08,""stage"":""exact"",""status"":""complete_model_estimate"",""successful_model_count"":1,""within_quadrature_tolerance"":true,""worst_model_mass_kg"":2687.69198725287}",,5d5f6d02fdd6116da25d3f50
"{""available_model_count"":1,""candidate_id"":""60f85029448c5ebf019f22fe"",""cas_number"":""4949-20-6"",""evidence_tier"":""single_model_exploratory"",""experimental_winner"":false,""full_profile_evaluated"":true,""heat_coverage_min"":0.9999999999999997,""mass_fraction"":0.0001,""mass_ratio_vs_heos_water"":0.9990544878917819,""model_relative_spread"":null,""name"":""2,4-pentadien-1-ol"",""pair_id"":""water-ACZNIBVNGPLHAC-UHFFFAOYSA-N"",""profile_hash"":""74ab06a76bc6ab06899449c4b4aed297759eadf8574e4df475ae5f36757b0e21"",""quadrature_node_count"":1234,""qualification"":""no_complete_mission_gain_hypothesis"",""rankable"":false,""relative_change_refined_to_exact"":-1.6021781457098427e-08,""stage"":""exact"",""status"":""complete_model_estimate"",""successful_model_count"":1,""within_quadrature_tolerance"":true,""worst_model_mass_kg"":2687.669887025478}",,60f85029448c5ebf019f22fe
"{""available_model_count"":1,""candidate_id"":""7cd94aaee8ff7543f617dee5"",""cas_number"":""17123-60-3"",""evidence_tier"":""single_model_exploratory"",""experimental_winner"":false,""full_profile_evaluated"":true,""heat_coverage_min"":0.9999999999999997,""mass_fraction"":0.0001,""mass_ratio_vs_heos_water"":0.9990574363554523,""model_relative_spread"":null,""name"":""2-methyl-1,5-hexadien-3-ol"",""pair_id"":""water-RXPIKCXXXVLDLD-UHFFFAOYSA-N"",""profile_hash"":""74ab06a76bc6ab06899449c4b4aed297759eadf8574e4df475ae5f36757b0e21"",""quadrature_node_count"":1234,""qualification"":""no_complete_mission_gain_hypothesis"",""rankable"":false,""relative_change_refined_to_exact"":-1.6021839632784918e-08,""stage"":""exact"",""status"":""complete_model_estimate"",""successful_model_count"":1,""within_quadrature_tolerance"":true,""worst_model_mass_kg"":2687.677819022297}",,7cd94aaee8ff7543f617dee5
"{""available_model_count"":2,""candidate_id"":""87ad57156c3956457a31dc0c"",""cas_number"":""111-76-2"",""evidence_tier"":""two_model_exploratory"",""experimental_winner"":false,""full_profile_evaluated"":true,""heat_coverage_min"":0.9999999999999997,""mass_fraction"":0.0001,""mass_ratio_vs_heos_water"":0.9990696069436295,""model_relative_spread"":2.8609822155800657e-06,""name"":""2-butoxyethanol"",""pair_id"":""water-POAOYUHQDCAZBD-UHFFFAOYSA-N"",""profile_hash"":""74ab06a76bc6ab06899449c4b4aed297759eadf8574e4df475ae5f36757b0e21"",""quadrature_node_count"":1234,""qualification"":""no_complete_mission_gain_hypothesis"",""rankable"":false,""relative_change_refined_to_exact"":-1.6022045912222893e-08,""stage"":""exact"",""status"":""complete_model_estimate"",""successful_model_count"":2,""within_quadrature_tolerance"":true,""worst_model_mass_kg"":2687.7105605031147}",,87ad57156c3956457a31dc0c
"{""available_model_count"":1,""candidate_id"":""94e25a7f1185ebe858c06bd4"",""cas_number"":""1571-60-4"",""evidence_tier"":""single_model_exploratory"",""experimental_winner"":false,""full_profile_evaluated"":true,""heat_coverage_min"":0.9999999999999997,""mass_fraction"":0.0001,""mass_ratio_vs_heos_water"":0.9990453964828834,""model_relative_spread"":null,""name"":""1571-60-4"",""pair_id"":""water-JMCRDEBJJPRTPV-UHFFFAOYSA-N"",""profile_hash"":""74ab06a76bc6ab06899449c4b4aed297759eadf8574e4df475ae5f36757b0e21"",""quadrature_node_count"":1234,""qualification"":""no_complete_mission_gain_hypothesis"",""rankable"":false,""relative_change_refined_to_exact"":-1.602118826493637e-08,""stage"":""exact"",""status"":""complete_model_estimate"",""successful_model_count"":1,""within_quadrature_tolerance"":true,""worst_model_mass_kg"":2687.6454291943755}",,94e25a7f1185ebe858c06bd4
"{""available_model_count"":1,""candidate_id"":""a06e694837affd6c3a1ae077"",""cas_number"":""13019-22-2"",""evidence_tier"":""single_model_exploratory"",""experimental_winner"":false,""full_profile_evaluated"":true,""heat_coverage_min"":0.9999999999999997,""mass_fraction"":0.0001,""mass_ratio_vs_heos_water"":0.9990579402781437,""model_relative_spread"":null,""name"":""9-decen-1-ol"",""pair_id"":""water-QGFSQVPRCWJZQK-UHFFFAOYSA-N"",""profile_hash"":""74ab06a76bc6ab06899449c4b4aed297759eadf8574e4df475ae5f36757b0e21"",""quadrature_node_count"":1234,""qualification"":""no_complete_mission_gain_hypothesis"",""rankable"":false,""relative_change_refined_to_exact"":-1.6021671322974385e-08,""stage"":""exact"",""status"":""complete_model_estimate"",""successful_model_count"":1,""within_quadrature_tolerance"":true,""worst_model_mass_kg"":2687.6791746819326}",,a06e694837affd6c3a1ae077
"{""available_model_count"":1,""candidate_id"":""bb495fe833f5488736077e97"",""cas_number"":""684-84-4"",""evidence_tier"":""single_model_exploratory"",""experimental_winner"":false,""full_profile_evaluated"":true,""heat_coverage_min"":0.9999999999999997,""mass_fraction"":0.0001,""mass_ratio_vs_heos_water"":0.9990567943257727,""model_relative_spread"":null,""name"":""2-methyl-1,3-butanediol"",""pair_id"":""water-GNBPEYCZELNJMS-UHFFFAOYSA-N"",""profile_hash"":""74ab06a76bc6ab06899449c4b4aed297759eadf8574e4df475ae5f36757b0e21"",""quadrature_node_count"":1234,""qualification"":""no_complete_mission_gain_hypothesis"",""rankable"":false,""relative_change_refined_to_exact"":-1.6021623916451233e-08,""stage"":""exact"",""status"":""complete_model_estimate"",""successful_model_count"":1,""within_quadrature_tolerance"":true,""worst_model_mass_kg"":2687.676091825375}",,bb495fe833f5488736077e97
"{""available_model_count"":1,""candidate_id"":""c5eb7222c7093345d8bed2ea"",""cas_number"":""592-45-0"",""evidence_tier"":""single_model_exploratory"",""experimental_winner"":false,""full_profile_evaluated"":true,""heat_coverage_min"":0.9999999999999997,""mass_fraction"":0.0001,""mass_ratio_vs_heos_water"":0.9990589432427156,""model_relative_spread"":null,""name"":""1,4-hexadiene"",""pair_id"":""water-PRBHEGAFLDMLAL-UHFFFAOYSA-N"",""profile_hash"":""74ab06a76bc6ab06899449c4b4aed297759eadf8574e4df475ae5f36757b0e21"",""quadrature_node_count"":1234,""qualification"":""no_complete_mission_gain_hypothesis"",""rankable"":false,""relative_change_refined_to_exact"":-1.6022300375340137e-08,""stage"":""exact"",""status"":""complete_model_estimate"",""successful_model_count"":1,""within_quadrature_tolerance"":true,""worst_model_mass_kg"":2687.681872870781}",,c5eb7222c7093345d8bed2ea
"{""available_model_count"":1,""candidate_id"":""d7179301864b67b79e117594"",""cas_number"":""543-39-5"",""evidence_tier"":""single_model_exploratory"",""experimental_winner"":false,""full_profile_evaluated"":true,""heat_coverage_min"":0.9999999999999997,""mass_fraction"":0.0001,""mass_ratio_vs_heos_water"":0.9990595706907022,""model_relative_spread"":null,""name"":""myrcenol"",""pair_id"":""water-DUNCVNHORHNONW-UHFFFAOYSA-N"",""profile_hash"":""74ab06a76bc6ab06899449c4b4aed297759eadf8574e4df475ae5f36757b0e21"",""quadrature_node_count"":1234,""qualification"":""no_complete_mission_gain_hypothesis"",""rankable"":false,""relative_change_refined_to_exact"":-1.602186949778428e-08,""stage"":""exact"",""status"":""complete_model_estimate"",""successful_model_count"":1,""within_quadrature_tolerance"":true,""worst_model_mass_kg"":2687.683560839835}",,d7179301864b67b79e117594
"{""available_model_count"":1,""candidate_id"":""dbe5c56bcc0ae226119bf47a"",""cas_number"":""100365-71-7"",""evidence_tier"":""single_model_exploratory"",""experimental_winner"":false,""full_profile_evaluated"":true,""heat_coverage_min"":0.9999999999999997,""mass_fraction"":0.0001,""mass_ratio_vs_heos_water"":0.9990668582870196,""model_relative_spread"":null,""name"":""butenal, 2-methyl-"",""pair_id"":""water-ACWQBUSCFPJUPN-UHFFFAOYSA-N"",""profile_hash"":""74ab06a76bc6ab06899449c4b4aed297759eadf8574e4df475ae5f36757b0e21"",""quadrature_node_count"":1234,""qualification"":""no_complete_mission_gain_hypothesis"",""rankable"":false,""relative_change_refined_to_exact"":-1.602217780671822e-08,""stage"":""exact"",""status"":""complete_model_estimate"",""successful_model_count"":1,""within_quadrature_tolerance"":true,""worst_model_mass_kg"":2687.703166029951}",,dbe5c56bcc0ae226119bf47a
"{""available_model_count"":1,""candidate_id"":""e6c3134918dcaf7fcc6cab89"",""cas_number"":""33758-16-6"",""evidence_tier"":""single_model_exploratory"",""experimental_winner"":false,""full_profile_evaluated"":true,""heat_coverage_min"":0.9999999999999997,""mass_fraction"":0.0001,""mass_ratio_vs_heos_water"":0.9990646423673217,""model_relative_spread"":null,""name"":""(2s)-decan-2-ol"",""pair_id"":""water-ACUZDYFTRHEKOS-JTQLQIEISA-N"",""profile_hash"":""74ab06a76bc6ab06899449c4b4aed297759eadf8574e4df475ae5f36757b0e21"",""quadrature_node_count"":1234,""qualification"":""no_complete_mission_gain_hypothesis"",""rankable"":false,""relative_change_refined_to_exact"":-1.6022026927409172e-08,""stage"":""exact"",""status"":""complete_model_estimate"",""successful_model_count"":1,""within_quadrature_tolerance"":true,""worst_model_mass_kg"":2687.697204732828}",,e6c3134918dcaf7fcc6cab89
"{""available_model_count"":1,""candidate_id"":""e822e397bfd270a5684f8d6a"",""cas_number"":""149-31-5"",""evidence_tier"":""single_model_exploratory"",""experimental_winner"":false,""full_profile_evaluated"":true,""heat_coverage_min"":0.9999999999999997,""mass_fraction"":0.0001,""mass_ratio_vs_heos_water"":0.9990568340229066,""model_relative_spread"":null,""name"":""2-methyl-1,3-pentanediol"",""pair_id"":""water-SPXWGAHNKXLXAP-UHFFFAOYSA-N"",""profile_hash"":""74ab06a76bc6ab06899449c4b4aed297759eadf8574e4df475ae5f36757b0e21"",""quadrature_node_count"":1234,""qualification"":""no_complete_mission_gain_hypothesis"",""rankable"":false,""relative_change_refined_to_exact"":-1.6021647564201658e-08,""stage"":""exact"",""status"":""complete_model_estimate"",""successful_model_count"":1,""within_quadrature_tolerance"":true,""worst_model_mass_kg"":2687.6761986191414}",,e822e397bfd270a5684f8d6a
"{""available_model_count"":1,""candidate_id"":""efd1daf400ced69e9323964a"",""cas_number"":""93716-28-0"",""evidence_tier"":""single_model_exploratory"",""experimental_winner"":false,""full_profile_evaluated"":true,""heat_coverage_min"":0.9999999999999997,""mass_fraction"":0.0001,""mass_ratio_vs_heos_water"":0.9990688725316692,""model_relative_spread"":null,""name"":""furan, 3-ethyltetrahydro-"",""pair_id"":""water-AIUUAKHKOQFCKF-UHFFFAOYSA-N"",""profile_hash"":""74ab06a76bc6ab06899449c4b4aed297759eadf8574e4df475ae5f36757b0e21"",""quadrature_node_count"":1234,""qualification"":""no_complete_mission_gain_hypothesis"",""rankable"":false,""relative_change_refined_to_exact"":-1.6021967086388145e-08,""stage"":""exact"",""status"":""complete_model_estimate"",""successful_model_count"":1,""within_quadrature_tolerance"":true,""worst_model_mass_kg"":2687.7085847781327}",,efd1daf400ced69e9323964a
