adaptive_new_point_count,adaptive_round_count,adaptive_stop_causes,adaptive_stop_reason,baseline_complete,baseline_worst_ratio,best_paired_ratio,best_point,best_touches_scope_boundary,cas_number,continuum_convergence_claimed,evidence_limited_edge_count,evidence_request_count,experimental_winner,name,numerical_failure_count,pair_id,paired_gain_point_count,physical_validation_complete,qualification,rankable,reference_blocked_point_count,reference_status,sampled_point_count,suite_execution_complete,water_reference_status
180,5,"[""point_budget"",""reference_blocked""]",point_budget,False,,0.9999527953444997,"[0.0001,350.0,101325.0]",[],78-84-2,False,0,49,False,isobutyraldehyde,0,water-AMIMRNSIRUDHCM-UHFFFAOYSA-N,0,False,no_sampled_paired_gain,False,83,missing_external_references,324,True,reference_blocks_present
180,5,"[""point_budget"",""reference_blocked"",""model_disagreement_requires_evidence""]",point_budget,True,0.7745671084664295,1.7248291106649385,"[0.3,350.0,101325.0]","[""mass_fraction"",""temperature_k"",""pressure_pa""]",67-64-1,False,38,49,False,acetone,0,water-CSCPPACGZOOCGX-UHFFFAOYSA-N,36,False,local_model_hypothesis_requires_validation,False,82,missing_external_references,324,True,reference_blocks_present
180,5,"[""point_budget"",""reference_blocked""]",point_budget,False,,0.9999527261284408,"[0.0001,350.0,101325.0]",[],123-86-4,False,0,49,False,butyl acetate,0,water-DKPFZGUDAPQIHT-UHFFFAOYSA-N,0,False,no_sampled_paired_gain,False,88,missing_external_references,324,True,reference_blocks_present
180,5,"[""point_budget"",""reference_blocked""]",point_budget,False,,0.9999381973361063,"[0.0001,350.0,101325.0]",[],98-01-1,False,0,49,False,2-furaldehyde,0,water-HYBBIBNJHNGZAN-UHFFFAOYSA-N,0,False,no_sampled_paired_gain,False,98,missing_external_references,324,True,reference_blocks_present
180,5,"[""point_budget"",""reference_blocked""]",point_budget,False,,0.9999472198466839,"[0.0001,350.0,101325.0]",[],108-94-1,False,0,49,False,cyclohexanone,0,water-JHIVVAPYMSGYDF-UHFFFAOYSA-N,0,False,no_sampled_paired_gain,False,95,missing_external_references,324,True,reference_blocks_present
180,5,"[""point_budget"",""reference_blocked""]",point_budget,True,0.8163535507448169,0.9999590245621628,"[0.0001,350.0,101325.0]",[],64-17-5,False,0,52,False,ethanol,0,water-LFQSCWFLJHTTHZ-UHFFFAOYSA-N,0,False,no_sampled_paired_gain,False,154,missing_external_references,324,True,reference_blocks_present
180,5,"[""point_budget"",""reference_blocked""]",point_budget,False,,0.999966416870123,"[0.0001,350.0,101325.0]",[],71-36-3,False,0,49,False,1-butanol,0,water-LRHPLDYGYMQRHN-UHFFFAOYSA-N,0,False,no_sampled_paired_gain,False,100,missing_external_references,324,True,reference_blocks_present
180,5,"[""point_budget"",""reference_blocked""]",point_budget,False,,0.9999511333651273,"[0.0001,350.0,101325.0]",[],123-92-2,False,0,49,False,isoamyl acetate,0,water-MLFHJEHSLIIPHL-UHFFFAOYSA-N,0,False,no_sampled_paired_gain,False,75,missing_external_references,324,True,reference_blocks_present
180,5,"[""point_budget"",""reference_blocked""]",point_budget,False,,0.999977914515725,"[0.0001,350.0,101325.0]",[],75-85-4,False,0,49,False,2-methyl-2-butanol,0,water-MSXVEPNJUHWQHW-UHFFFAOYSA-N,0,False,no_sampled_paired_gain,False,117,missing_external_references,324,True,reference_blocks_present
180,5,"[""point_budget"",""reference_blocked""]",point_budget,True,0.6299418403396793,0.9999579854203464,"[0.0001,350.0,101325.0]",[],111-46-6,False,0,48,False,diethylene glycol,0,water-MTHSVFCYNBDYFN-UHFFFAOYSA-N,0,False,no_sampled_paired_gain,False,66,missing_external_references,324,True,reference_blocks_present
180,5,"[""point_budget"",""reference_blocked"",""model_disagreement_requires_evidence""]",point_budget,False,,0.9999458248399531,"[0.0001,350.0,101325.0]",[],109-87-5,False,4,49,False,dimethoxymethane,0,water-NKDDWNXOKDWJAK-UHFFFAOYSA-N,0,False,no_sampled_paired_gain,False,103,missing_external_references,324,True,reference_blocks_present
180,5,"[""point_budget"",""reference_blocked""]",point_budget,True,0.8486403947323715,0.9999577160333873,"[0.0001,350.0,101325.0]",[],67-56-1,False,0,53,False,methanol,0,water-OKKJLVBELUTLKV-UHFFFAOYSA-N,0,False,no_sampled_paired_gain,False,154,missing_external_references,324,True,reference_blocks_present
180,5,"[""point_budget"",""reference_blocked""]",point_budget,False,,0.9999726007792185,"[0.0001,350.0,101325.0]",[],123-51-3,False,0,49,False,3-methyl-1-butanol,0,water-PHTQWCKDNZKARW-UHFFFAOYSA-N,0,False,no_sampled_paired_gain,False,110,missing_external_references,324,True,reference_blocks_present
180,5,"[""point_budget"",""reference_blocked""]",point_budget,False,,0.999955384363421,"[0.0001,350.0,101325.0]",[],111-76-2,False,0,49,False,2-butoxyethanol,0,water-POAOYUHQDCAZBD-UHFFFAOYSA-N,0,False,no_sampled_paired_gain,False,94,missing_external_references,324,True,reference_blocks_present
180,5,"[""point_budget"",""reference_blocked""]",point_budget,False,,1.0687476988060276,"[0.0438333333334,350.0,101325.0]","[""temperature_k"",""pressure_pa""]",60-29-7,False,0,49,False,diethyl ether,0,water-RTZKZFJDLAIYFH-UHFFFAOYSA-N,21,False,local_model_hypothesis_requires_validation,False,75,missing_external_references,324,True,reference_blocks_present
180,5,"[""point_budget"",""reference_blocked""]",point_budget,False,,,,[],98-82-8,False,0,51,False,cumene,0,water-RWGFKTVRMDUZSP-UHFFFAOYSA-N,0,False,no_eligible_paired_states,False,101,missing_external_references,324,True,reference_blocks_present
180,5,"[""point_budget"",""reference_blocked""]",point_budget,True,0.7577665735444197,0.9999361779073502,"[0.0001,350.0,101325.0]",[],123-91-1,False,0,51,False,"1,4-dioxane",0,water-RYHBNJHYFVUHQT-UHFFFAOYSA-N,0,False,no_sampled_paired_gain,False,151,missing_external_references,324,True,reference_blocks_present
180,5,"[""point_budget"",""reference_blocked""]",point_budget,False,,0.9999508510053544,"[0.0001,350.0,101325.0]",[],141-79-7,False,0,49,False,mesityl oxide,0,water-SHOJXDKTYKFBRD-UHFFFAOYSA-N,0,False,no_sampled_paired_gain,False,94,missing_external_references,324,True,reference_blocks_present
180,5,"[""point_budget"",""reference_blocked""]",point_budget,False,,0.9999602995428322,"[0.0001,350.0,101325.0]",[],123-42-2,False,0,49,False,diacetone alcohol,0,water-SWXVUIWOUIDPGS-UHFFFAOYSA-N,0,False,no_sampled_paired_gain,False,110,missing_external_references,324,True,reference_blocks_present
180,5,"[""point_budget"",""reference_blocked""]",point_budget,False,,0.999956435836933,"[0.0001,350.0,101325.0]",[],100-51-6,False,0,49,False,benzyl alcohol,0,water-WVDDGKGOMKODPV-UHFFFAOYSA-N,0,False,no_sampled_paired_gain,False,76,missing_external_references,324,True,reference_blocks_present
180,5,"[""point_budget"",""reference_blocked"",""model_disagreement_requires_evidence""]",point_budget,False,,1.0150818838444806,"[0.163458333334,350.0,101325.0]","[""temperature_k"",""pressure_pa""]",109-99-9,False,11,49,False,tetrahydrofuran,0,water-WYURNTSHIVDZCO-UHFFFAOYSA-N,3,False,local_model_hypothesis_requires_validation,False,89,missing_external_references,324,True,reference_blocks_present
180,5,"[""point_budget"",""reference_blocked""]",point_budget,False,,0.9999490000851984,"[0.0001,350.0,101325.0]",[],141-78-6,False,0,49,False,ethyl acetate,0,water-XEKOWRVHYACXOJ-UHFFFAOYSA-N,0,False,no_sampled_paired_gain,False,83,missing_external_references,324,True,reference_blocks_present
180,5,"[""point_budget"",""reference_blocked""]",point_budget,False,,0.9999457157105889,"[0.0001,350.0,101325.0]",[],108-20-3,False,0,52,False,diisopropyl ether,0,water-ZAFNJMIOTHYJRJ-UHFFFAOYSA-N,0,False,no_sampled_paired_gain,False,96,missing_external_references,324,True,reference_blocks_present
180,5,"[""point_budget"",""reference_blocked""]",point_budget,False,,0.9999755977468608,"[0.0001,350.0,101325.0]",[],111-27-3,False,0,49,False,1-hexanol,0,water-ZSIAUFGUXNUGDI-UHFFFAOYSA-N,0,False,no_sampled_paired_gain,False,93,missing_external_references,324,True,reference_blocks_present
180,5,"[""point_budget"",""reference_blocked""]",point_budget,False,,0.9999517777007639,"[0.0001,350.0,101325.0]",[],78-93-3,False,0,49,False,2-butanone,0,water-ZWEHNKRNPOVVGH-UHFFFAOYSA-N,0,False,no_sampled_paired_gain,False,83,missing_external_references,324,True,reference_blocks_present
180,5,"[""point_budget"",""reference_blocked""]",point_budget,False,,0.9999723271707464,"[0.0001,350.0,101325.0]",[],78-83-1,False,0,49,False,2-methyl-1-propanol,0,water-ZXEKIIBDNHEJCQ-UHFFFAOYSA-N,0,False,no_sampled_paired_gain,False,101,missing_external_references,324,True,reference_blocks_present
