comparison_allowed,context_id,endpoint_relative_error,error,heos_delta_h_j_kg,model_delta_h_j_kg,pressure_pa,status,task_key,temperature_k
True,1ddb26075ac889f817d4df2ff7e863d06760fe5fc1e24a1a7f9b9d44508e6436,0.04753384477263267,,237831.83529324378,226526.7737524244,101325.0,ok,65f1288e23c8100b5792423f120268c6b211dbf561df8a9b6c98ff81b48f5c8a,350.0
True,1ddb26075ac889f817d4df2ff7e863d06760fe5fc1e24a1a7f9b9d44508e6436,0.04753264022098069,,237831.53451576605,226526.7737524244,103501.145324,ok,21146c1c4c4d554b990d0c152aecc5c8c52b0c6278507e24fd26505be500a2fe,350.0
True,1ddb26075ac889f817d4df2ff7e863d06760fe5fc1e24a1a7f9b9d44508e6436,0.04753140981311488,,237831.2272827572,226526.7737524244,105724.02747,ok,d058cf933bb035fb6ff5a49f7508a5645104639f655890a603b2d46f5ceeca27,350.0
True,1ddb26075ac889f817d4df2ff7e863d06760fe5fc1e24a1a7f9b9d44508e6436,0.04753015299465568,,237830.91345583915,226526.7737524244,107994.650199,ok,0b07f6bd626ca27d2c083ec3fa8726a6c42b47236c99fa417966212dc861edf7,350.0
True,1ddb26075ac889f817d4df2ff7e863d06760fe5fc1e24a1a7f9b9d44508e6436,0.047528869198547485,,237830.59289347118,226526.7737524244,110314.038831,ok,d428122fed482b2eea25a5a2959c45208f24dab2c1a4907d31230e1905ab5c44,350.0
True,1ddb26075ac889f817d4df2ff7e863d06760fe5fc1e24a1a7f9b9d44508e6436,0.04752621834697801,,237829.93098170776,226526.7737524244,115103.325652,ok,242b74037631f2e40f960ef6d0fcd7fb66bfc0b08922f3a664614a1bad7a81d1,350.0
True,1ddb26075ac889f817d4df2ff7e863d06760fe5fc1e24a1a7f9b9d44508e6436,0.04752485009666241,,237829.5893340772,226526.7737524244,117575.386485,ok,ee2e27c6a147eb7350d8eb505d1e4cb7b595ecb4519ebcd30d6ffbf9427e6466,350.0
True,1ddb26075ac889f817d4df2ff7e863d06760fe5fc1e24a1a7f9b9d44508e6436,0.0475234524789111,,237829.24035450735,226526.7737524244,120100.539483,ok,3e29fd724a5ed6e94ae3a99db712cab32ce08c19a459a0cc7b3e9682df2e37f8,350.0
True,1ddb26075ac889f817d4df2ff7e863d06760fe5fc1e24a1a7f9b9d44508e6436,0.04752202486257684,,237828.88388546853,226526.7737524244,122679.9249,ok,e60cb6974fc14a2e8068303a6ac374edcef9cdb6b5a164cc7c74fd4632eaab22,350.0
True,1ddb26075ac889f817d4df2ff7e863d06760fe5fc1e24a1a7f9b9d44508e6436,0.047520566605364634,,237828.5197666508,226526.7737524244,125314.70748,ok,fc0cde2ea2db8e465c828195cd087c80ed93a9f0d03fbfd91e8a53addfbd91a7,350.0
True,1ddb26075ac889f817d4df2ff7e863d06760fe5fc1e24a1a7f9b9d44508e6436,0.04751907704983216,,237828.1478339655,226526.7737524244,128006.076982,ok,022f25cf98257c60fdba0c42914541c20667b7342f350fc0d43d7cc4660f3c0a,350.0
True,1ddb26075ac889f817d4df2ff7e863d06760fe5fc1e24a1a7f9b9d44508e6436,0.04751755552430725,,237827.76791977434,226526.7737524244,130755.248715,ok,472cbe36f1e96bc8992812895091a469ba69777b2fc1913129000acca332450e,350.0
True,1ddb26075ac889f817d4df2ff7e863d06760fe5fc1e24a1a7f9b9d44508e6436,0.04751600134375733,,237827.37985310692,226526.7737524244,133563.464092,ok,6f39bee8fff94f632d666e65165f9a3fba7c9557700b08f8fa182e2c3ee92964,350.0
True,1ddb26075ac889f817d4df2ff7e863d06760fe5fc1e24a1a7f9b9d44508e6436,0.04751441380738808,,237826.98345906107,226526.7737524244,136431.991187,ok,312db37a7c362eb7a6b0f08a168ea2a5cbf21de6c40d8ac7fa2ee08b05ff338e,350.0
True,1ddb26075ac889f817d4df2ff7e863d06760fe5fc1e24a1a7f9b9d44508e6436,0.04751279219999971,,237826.5785591418,226526.7737524244,139362.125307,ok,0468ec2bf3ca303e546210c0df0f294c65b44b1900c2591843c5e14e0439d041,350.0
True,1ddb26075ac889f817d4df2ff7e863d06760fe5fc1e24a1a7f9b9d44508e6436,0.047511135789807146,,237826.16497071722,226526.7737524244,142355.189579,ok,f3c9b928088bab1520cc51f7b31094368147cc1b7e18a0cd489ea21f6383a7ac,350.0
True,1ddb26075ac889f817d4df2ff7e863d06760fe5fc1e24a1a7f9b9d44508e6436,0.04750414696459615,,237824.41994947405,226526.7737524244,154984.218218,ok,b5e5a7e19ac63794f7e0dff52d926c257d89b081d228b9be752ee0861109606c,350.0
True,1ddb26075ac889f817d4df2ff7e863d06760fe5fc1e24a1a7f9b9d44508e6436,0.047500423560520866,,237823.490273035,226526.7737524244,161712.862021,ok,e3fafb1889d0de5a613f975b6a8e20b37862d00357d51427b70c6739aa56a0b7,350.0
True,1ddb26075ac889f817d4df2ff7e863d06760fe5fc1e24a1a7f9b9d44508e6436,0.04749653864306691,,237822.52027695012,226526.7737524244,168733.630067,ok,22f59e9708760f970cff97e9bde5645f1ee37bae350fb27159e35774cefa42bb,350.0
True,1ddb26075ac889f817d4df2ff7e863d06760fe5fc1e24a1a7f9b9d44508e6436,0.047496538642473274,,237822.5202768019,226526.7737524244,168733.630068,ok,a9a4824022515bff1eb982af3ef7d0096691fabbaaee2e7e92eb56482acb5fb4,350.0
True,1ddb26075ac889f817d4df2ff7e863d06760fe5fc1e24a1a7f9b9d44508e6436,0.047488255960700054,,237820.45226213828,226526.7737524244,183702.81983,ok,67b95267f1d22d35c0990c750c27d1e9bb78821f57936c93a0c0ac06708f9d87,350.0
True,1ddb26075ac889f817d4df2ff7e863d06760fe5fc1e24a1a7f9b9d44508e6436,0.04747923920572206,,237818.20100543599,226526.7737524244,200000.0,ok,fd45c22f648d1c58ca298c71ed8f3477caee6a6f9daac2ffb235db3cb68c85bd,350.0
False,1ddb26075ac889f817d4df2ff7e863d06760fe5fc1e24a1a7f9b9d44508e6436,0.05090719232303509,,258813.2636761473,245637.80708643328,101325.0,ok,c747b35024a1fd60895c652bf923335b0176653884e9daa7ec62e744e2811854,355.0
False,1ddb26075ac889f817d4df2ff7e863d06760fe5fc1e24a1a7f9b9d44508e6436,0.050896922703521974,,258810.46322822286,245637.80708643328,120100.539483,ok,aac9ab68df440dafbea0a80e49b26935da3a8d72f426e153a44ec605ce7d240e,355.0
False,1ddb26075ac889f817d4df2ff7e863d06760fe5fc1e24a1a7f9b9d44508e6436,0.050884751396442884,,258807.14428289153,245637.80708643328,142355.189579,ok,50dc1af257caa94cec1c90d79bb160390995b52d1befa3eef2397b14f6b56d86,355.0
False,1ddb26075ac889f817d4df2ff7e863d06760fe5fc1e24a1a7f9b9d44508e6436,0.050870326536889166,,258803.21093551852,245637.80708643328,168733.630067,ok,e1e22d69654667343b566b1bc9e027554af4b3a8bc7b8c832288b5944251613c,355.0
False,1ddb26075ac889f817d4df2ff7e863d06760fe5fc1e24a1a7f9b9d44508e6436,0.05085323126438668,,258798.54957906532,245637.80708643328,200000.0,ok,1e94279138c491660c582f3b8265d7abda629725f5833a59c8df0e2209b5ba55,355.0
False,1ddb26075ac889f817d4df2ff7e863d06760fe5fc1e24a1a7f9b9d44508e6436,0.05443798528494315,,279814.3564548325,264581.8266356285,101325.0,ok,8cb1d0590cbe5eda9ac1abe2faf4f29ba1f129e07f1473c114d6263a6d4a6ffd,360.0
False,1ddb26075ac889f817d4df2ff7e863d06760fe5fc1e24a1a7f9b9d44508e6436,0.05442782239366861,,279811.34904519306,264581.8266356285,120100.539483,ok,c6fcdaf38fd1d7ba36ac6090adbcc1caee0614ffe95fc024dccc0004ebf2bca5,360.0
False,1ddb26075ac889f817d4df2ff7e863d06760fe5fc1e24a1a7f9b9d44508e6436,0.054415777571640844,,279807.7848170464,264581.8266356285,142355.189579,ok,c51522ba449d53356403a52073aaf6cd5e029c0eb5d04de0c0dd113926bb8d3e,360.0
False,1ddb26075ac889f817d4df2ff7e863d06760fe5fc1e24a1a7f9b9d44508e6436,0.05440150260720611,,279803.56077672925,264581.8266356285,168733.630067,ok,43b24e454ca8b32474a5d08e750b1bb4fdcd9700ca4109e3b9c8d3b43d6f4368,360.0
False,1ddb26075ac889f817d4df2ff7e863d06760fe5fc1e24a1a7f9b9d44508e6436,0.05438458496653775,,279798.5549191431,264581.8266356285,200000.0,ok,5f060195dc2530a2483822999528842ad45220a274068820ce9af7dd91496d2b,360.0
False,1ddb26075ac889f817d4df2ff7e863d06760fe5fc1e24a1a7f9b9d44508e6436,0.05626208582771852,,290323.00074716413,273988.8231613664,101325.0,ok,48efcdb6ea797664d7050d57b078af7f4c8eb99ee12d53ad1c374ccc8e8c322f,362.5
False,1ddb26075ac889f817d4df2ff7e863d06760fe5fc1e24a1a7f9b9d44508e6436,0.056251970699237375,,290319.8890538282,273988.8231613664,120100.539483,ok,9f159019b02a7f4a1736e447c816e0419cc6cc5e026817caa109f3875b0c33ad,362.5
False,1ddb26075ac889f817d4df2ff7e863d06760fe5fc1e24a1a7f9b9d44508e6436,0.056239982482340745,,290316.201233053,273988.8231613664,142355.189579,ok,ac331fe42733f29dbc4f213a1b56315bdd41463203c73fa82a1595517fbe8822,362.5
False,1ddb26075ac889f817d4df2ff7e863d06760fe5fc1e24a1a7f9b9d44508e6436,0.05620893645568614,,290306.6512755784,273988.8231613664,200000.0,ok,521bd1bd04f98c5db23d1c2920bd48f6e3bd5b629733396e7859a1467caf4f22,362.5
False,1ddb26075ac889f817d4df2ff7e863d06760fe5fc1e24a1a7f9b9d44508e6436,0.05812507283350987,,300837.44948120124,283351.2508190591,101325.0,ok,c6a6f7e85263f51c1bdb227b309bff62c6f07f056fd36a1b3bc2eac150e8d54f,365.0
False,1ddb26075ac889f817d4df2ff7e863d06760fe5fc1e24a1a7f9b9d44508e6436,0.05811500190857022,,300834.2328343931,283351.2508190591,120100.539483,ok,f7352f9ea98d458efed2eb6b21d6a90f8bc06b48db2614eec2c9595fa84549ea,365.0
False,1ddb26075ac889f817d4df2ff7e863d06760fe5fc1e24a1a7f9b9d44508e6436,0.058103066078723065,,300830.4206272545,283351.2508190591,142355.189579,ok,83061e77dc54de3bdac5464c082e9e9c150a228891f84a778e5d47bebf51a68f,365.0
False,1ddb26075ac889f817d4df2ff7e863d06760fe5fc1e24a1a7f9b9d44508e6436,0.05808892028056856,,300825.9026992881,283351.2508190591,168733.630067,ok,be9bc597e0d0dea5b9c16575644dbebf4849cc09c631c4303450f6776c031d33,365.0
False,1ddb26075ac889f817d4df2ff7e863d06760fe5fc1e24a1a7f9b9d44508e6436,0.058072155709885,,300820.54855550756,283351.2508190591,200000.0,ok,6fb602080f0fca05a407573554282c9219918f91cefecbab9eb51ea48d75ae11,365.0
False,1ddb26075ac889f817d4df2ff7e863d06760fe5fc1e24a1a7f9b9d44508e6436,0.060991954935277204,,316620.70274636056,297309.3871128787,101325.0,ok,f8a1f11d66cdb79274297dc5801fa7f9949caa1b44f44f0d03377378f3ac691c,368.75
False,1ddb26075ac889f817d4df2ff7e863d06760fe5fc1e24a1a7f9b9d44508e6436,0.06196675644474858,,321885.03975560144,301938.8678938579,101325.0,ok,a8c2784307ed9079f8a0bd88af64e7405a5de7b1b3bd699a0b2bc0e45cf46b83,370.0
False,1ddb26075ac889f817d4df2ff7e863d06760fe5fc1e24a1a7f9b9d44508e6436,0.061956763700660944,,321881.61079337087,301938.8678938579,120100.539483,ok,77a856459c8c46bf5ed173f300a8a8b53db0c7247fe1bf7d14ded86e0b03b365,370.0
False,1ddb26075ac889f817d4df2ff7e863d06760fe5fc1e24a1a7f9b9d44508e6436,0.06194492052680145,,321877.54695963423,301938.8678938579,142355.189579,ok,e2a9557ebd37fa51c46db6e39f52f5176626554017cc18b5c68cd2755bb6a53a,370.0
False,1ddb26075ac889f817d4df2ff7e863d06760fe5fc1e24a1a7f9b9d44508e6436,0.06193088453719531,,321872.7308220713,301938.8678938579,168733.630067,ok,4fcade6e03a9d360076613be5974caf24deb42adc505f12d985638ad02f1fda8,370.0
False,1ddb26075ac889f817d4df2ff7e863d06760fe5fc1e24a1a7f9b9d44508e6436,0.06191425009909679,,321867.02327133087,301938.8678938579,200000.0,ok,9d330517e293537923a7225009b7e56270d296c6f906fbf40ed41dcc3d02ed9b,370.0
True,1ddb26075ac889f817d4df2ff7e863d06760fe5fc1e24a1a7f9b9d44508e6436,0.005780814713935989,,2595415.351888378,2610418.96714335,101325.0,ok,bb364d985e7709fad05429580c43df1a38e258e32bcbe2412158e4e65f3292ce,375.0
False,1ddb26075ac889f817d4df2ff7e863d06760fe5fc1e24a1a7f9b9d44508e6436,0.06595606384827224,,342958.0470626882,320337.8842133428,110314.038831,ok,d58ca90eecffb14cb798c76363e342922c13cc93cee538696be523eef2c95805,375.0
False,1ddb26075ac889f817d4df2ff7e863d06760fe5fc1e24a1a7f9b9d44508e6436,0.06595088936195792,,342956.1471286262,320337.8842133428,120100.539483,ok,40b95ffe6759829f47a1ac0f7cfc35058893ac7b4fdf8bfc9c0898e6fe33dcfd,375.0
False,1ddb26075ac889f817d4df2ff7e863d06760fe5fc1e24a1a7f9b9d44508e6436,0.06593912345370401,,342951.8270776921,320337.8842133428,142355.189579,ok,d6a5fa533a13a7bb6792586f5d487e6a27c97ee1202c3f883a0a4240577cd1c1,375.0
False,1ddb26075ac889f817d4df2ff7e863d06760fe5fc1e24a1a7f9b9d44508e6436,0.06592517903543749,,342946.7072911239,320337.8842133428,168733.630067,ok,1fafaae4cf727fa8f879dcc7b665aedc904871dda5003dd7c919502c239db20c,375.0
False,1ddb26075ac889f817d4df2ff7e863d06760fe5fc1e24a1a7f9b9d44508e6436,0.06592517903500661,,342946.7072909657,320337.8842133428,168733.630068,ok,bcebb32950ae754a6585808370478e28df968a8df27706c9a716523bfbfc4ef3,375.0
False,1ddb26075ac889f817d4df2ff7e863d06760fe5fc1e24a1a7f9b9d44508e6436,0.06590865312105298,,342940.6398888917,320337.8842133428,200000.0,ok,3635743981fd9ddfac4cc048b5cf4042487a0981f2304c0922889322b676fc51,375.0
True,1ddb26075ac889f817d4df2ff7e863d06760fe5fc1e24a1a7f9b9d44508e6436,0.005431189077855114,,2605725.0710023204,2619877.2565478412,101325.0,ok,63af5b430f1fa212a6e49871e4d3362aebb60c6ec823a6bcd510e4f3f2276650,380.0
True,1ddb26075ac889f817d4df2ff7e863d06760fe5fc1e24a1a7f9b9d44508e6436,0.006350327995912286,,2603345.1608896214,2619877.2565478412,120100.539483,ok,a6483bb2a688148f7bbd44a73015f00a7d8d9339394fd671bd56f012fd3ef6a0,380.0
False,1ddb26075ac889f817d4df2ff7e863d06760fe5fc1e24a1a7f9b9d44508e6436,0.07008297304584976,,364056.096680719,338541.9630698669,142355.189579,ok,4b275e49628ca58a8503f5d9e509d962b27b70a5debe659b11dd504110fb20e4,380.0
False,1ddb26075ac889f817d4df2ff7e863d06760fe5fc1e24a1a7f9b9d44508e6436,0.07006910286633239,,364050.6666821772,338541.9630698669,168733.630067,ok,741214351c6908e70d3b38065ab612e08610be5971b935ed058a182f763a5bab,380.0
False,1ddb26075ac889f817d4df2ff7e863d06760fe5fc1e24a1a7f9b9d44508e6436,0.07005266493821449,,364044.2316525099,338541.9630698669,200000.0,ok,d9ff4b4fdaeaad1a2723a49dcb67387ca71d650e15621b652d11d5a5b15e2494,380.0
True,1ddb26075ac889f817d4df2ff7e863d06760fe5fc1e24a1a7f9b9d44508e6436,0.005119690782952269,,2615953.589417369,2629346.4628977403,101325.0,ok,4f72619f3a31f36b1cbe33f86163a34d4ca7afe07dcd9d797963064c26cab35a,385.0
True,1ddb26075ac889f817d4df2ff7e863d06760fe5fc1e24a1a7f9b9d44508e6436,0.00596895880092041,,2613745.1259249873,2629346.4628977403,120100.539483,ok,4bd4bd815341bf01e3b35da42f76e9901a847f4e89a93d5b19a263ed566cdb01,385.0
True,1ddb26075ac889f817d4df2ff7e863d06760fe5fc1e24a1a7f9b9d44508e6436,0.0070032768632017905,,2611060.4834257443,2629346.4628977403,142355.189579,ok,9a5302417ee061351757571f1a35f8ab7a1be932dfc826de1d1f64436ee56db5,385.0
False,1ddb26075ac889f817d4df2ff7e863d06760fe5fc1e24a1a7f9b9d44508e6436,0.07435951713840816,,385187.6192875592,356545.2539096433,168733.630067,ok,5312215ff6f6697ce79a80a7734c0723aa0677b502897501f9bd851230d106c1,385.0
False,1ddb26075ac889f817d4df2ff7e863d06760fe5fc1e24a1a7f9b9d44508e6436,0.07434314750627002,,385180.8074980554,356545.2539096433,200000.0,ok,991a20e335636ee8d021dbf3ad2d5d155e7160e537c5f66a7839aa056446ad68,385.0
False,1ddb26075ac889f817d4df2ff7e863d06760fe5fc1e24a1a7f9b9d44508e6436,0.07654222847206649,,395762.45354892453,365469.91340871714,200000.0,ok,9e9104ebe65e989579b927b4db5e143a7a8aad40a9bdf01ec3fd78b9c06891a4,387.5
True,1ddb26075ac889f817d4df2ff7e863d06760fe5fc1e24a1a7f9b9d44508e6436,0.004839645313221341,,2626117.3424122203,2638826.818900395,101325.0,ok,d6a6578ba1aa9c03f27964b8cff3639a3271038522b856df4a5b1d6f0739ae78,390.0
True,1ddb26075ac889f817d4df2ff7e863d06760fe5fc1e24a1a7f9b9d44508e6436,0.005628690950136184,,2624056.814058461,2638826.818900395,120100.539483,ok,f3c5b6d7106673443229e8017b9c58d33d8d8780a56100ead0ba575c04935238,390.0
True,1ddb26075ac889f817d4df2ff7e863d06760fe5fc1e24a1a7f9b9d44508e6436,0.006584999177411177,,2621563.8232805617,2638826.818900395,142355.189579,ok,fba6a096eabbc1918408a2e7d0c135578940855d1f1c534503a2e1534f4a49bb,390.0
True,1ddb26075ac889f817d4df2ff7e863d06760fe5fc1e24a1a7f9b9d44508e6436,0.007753344296837161,,2618524.4969260255,2638826.818900395,168733.630067,ok,294af680b864c2558a9c423a6f3131d4d3fbf7ed8340abc3f8eca66590822619,390.0
False,1ddb26075ac889f817d4df2ff7e863d06760fe5fc1e24a1a7f9b9d44508e6436,0.07877658060804282,,406353.5552005883,374342.4116039644,200000.0,ok,85717f5a1046d3e8f0ced4a8f43d5fdef09b556a5b7b19121bb03d191f3eacdd,390.0
True,1ddb26075ac889f817d4df2ff7e863d06760fe5fc1e24a1a7f9b9d44508e6436,0.008755395177048708,,2622979.317870291,2645944.538339471,200000.0,ok,4438217126603a264e27adf0c577829f3c332d539ed513a87908a686278008e1,393.75
True,1ddb26075ac889f817d4df2ff7e863d06760fe5fc1e24a1a7f9b9d44508e6436,0.004586341694771345,,2636227.9072971134,2648318.54926527,101325.0,ok,a89e655d40db86dade2396f13a8954ad39504681cdee0f52cdce5cd3210c2fde,395.0
True,1ddb26075ac889f817d4df2ff7e863d06760fe5fc1e24a1a7f9b9d44508e6436,0.005322343921341233,,2634297.9097980545,2648318.54926527,120100.539483,ok,363504b14a51fb66bf1353521a3db8029d22f9821bb113dfbe30ec5a870d4d54,395.0
True,1ddb26075ac889f817d4df2ff7e863d06760fe5fc1e24a1a7f9b9d44508e6436,0.006211588563293402,,2631969.835535922,2648318.54926527,142355.189579,ok,db38ed696347529dc6a18c76e85d1371754a4c2190777701b02208c9a7aa9e6b,395.0
True,1ddb26075ac889f817d4df2ff7e863d06760fe5fc1e24a1a7f9b9d44508e6436,0.007292003636877542,,2629146.8012288245,2648318.54926527,168733.630067,ok,14bcc056de06a24dc896045aadf95f3c248612a97f8a6e8e9da68227f7111bdd,395.0
True,1ddb26075ac889f817d4df2ff7e863d06760fe5fc1e24a1a7f9b9d44508e6436,0.008616947557197996,,2625693.0896107964,2648318.54926527,200000.0,ok,aeaafb7809acc729d277543f67b643c8d5df80ff34c63435617949f5bdd6b5d1,395.0
True,1ddb26075ac889f817d4df2ff7e863d06760fe5fc1e24a1a7f9b9d44508e6436,0.004356199754141699,,2646294.085069558,2657821.870712325,101325.0,ok,ce24be961ab71f9edcf8268b9acaa0230219b98548c086c857a27679cd3b2bfe,400.0
True,1ddb26075ac889f817d4df2ff7e863d06760fe5fc1e24a1a7f9b9d44508e6436,0.005044858405358399,,2644480.8393222606,2657821.870712325,120100.539483,ok,b305061f0d82e4b739fb4714defb0f0b40f7066b3819437a824c27a5fdbaf475,400.0
True,1ddb26075ac889f817d4df2ff7e863d06760fe5fc1e24a1a7f9b9d44508e6436,0.005875101066236343,,2642298.1023141053,2657821.870712325,142355.189579,ok,1b404285eda47f9a79ecf9ff93be8ba9fc410f2292de9943d5daeab05e9c181d,400.0
True,1ddb26075ac889f817d4df2ff7e863d06760fe5fc1e24a1a7f9b9d44508e6436,0.006880277191486428,,2639660.2763198884,2657821.870712325,168733.630067,ok,c4331d78325596da3f1e4573fec7154a94c6ec99662a38006153bbc554e0ac84,400.0
True,1ddb26075ac889f817d4df2ff7e863d06760fe5fc1e24a1a7f9b9d44508e6436,0.006880277191587458,,2639660.2763196235,2657821.870712325,168733.630068,ok,67dbacec70738a54b9e4a40a4a56cb2bb988f0bc74081c839ed30d0f7c5f4c54,400.0
True,1ddb26075ac889f817d4df2ff7e863d06760fe5fc1e24a1a7f9b9d44508e6436,0.008105095449862487,,2636453.1661515743,2657821.870712325,200000.0,ok,28fe7c609c72184ac430f2ccd185e73b0c9fe577f6a8daf3a3381beb990b93fc,400.0
True,1ddb26075ac889f817d4df2ff7e863d06760fe5fc1e24a1a7f9b9d44508e6436,0.004146352554167176,,2656322.9406057997,2667336.9920152733,101325.0,ok,88d703f2b7dace040a30e6cd83d17f314c36495bcc4c71ec2d384212d6ff1a9b,405.0
True,1ddb26075ac889f817d4df2ff7e863d06760fe5fc1e24a1a7f9b9d44508e6436,0.004792394403928535,,2654615.029801866,2667336.9920152733,120100.539483,ok,82cbb97440af04b766c248d7241ec9679da165f696fe956da2b685ce99269f96,405.0
True,1ddb26075ac889f817d4df2ff7e863d06760fe5fc1e24a1a7f9b9d44508e6436,0.005569988511059609,,2652562.250753705,2667336.9920152733,142355.189579,ok,fa831f914c2fb7d285d1d27acda16cab5c666b69f349cee5565ad7f4e041a82a,405.0
True,1ddb26075ac889f817d4df2ff7e863d06760fe5fc1e24a1a7f9b9d44508e6436,0.006509132597020129,,2650087.2228878275,2667336.9920152733,168733.630067,ok,1cab0a9da13d84ed37c45669d6610655ca996ffeee9400c31b59b11119dafa2b,405.0
True,1ddb26075ac889f817d4df2ff7e863d06760fe5fc1e24a1a7f9b9d44508e6436,0.007648864508808417,,2647089.7610900416,2667336.9920152733,200000.0,ok,135a5f5e6b2bf6dbc9b86a7cdcf879ab10116c026bafdfe3c78f080e9641b28b,405.0
True,1ddb26075ac889f817d4df2ff7e863d06760fe5fc1e24a1a7f9b9d44508e6436,0.003954424175510507,,2666320.352415271,2676864.1140765175,101325.0,ok,2ddd1c1ee3d018fad36ba4c147566f4a2183bac84a5867dbecf32704e8a98a9a,410.0
True,1ddb26075ac889f817d4df2ff7e863d06760fe5fc1e24a1a7f9b9d44508e6436,0.004561878859449253,,2664708.038807676,2676864.1140765175,120100.539483,ok,54b42ae3fc1aa4a8b96dbf6f6a941f57f0838790a80de357f0752e5d4c3f36af,410.0
True,1ddb26075ac889f817d4df2ff7e863d06760fe5fc1e24a1a7f9b9d44508e6436,0.005292068423194296,,2662772.5396015435,2676864.1140765175,142355.189579,ok,64ef0086c2e980384ee6e7e6291618b4b43ca09a96d8bc09016eb44e153a4038,410.0
True,1ddb26075ac889f817d4df2ff7e863d06760fe5fc1e24a1a7f9b9d44508e6436,0.006172355188966305,,2660442.915442438,2676864.1140765175,168733.630067,ok,35006d5348065d88fe9165c8b27f3a88f55148cf6497e538faf05a60c3432542,410.0
True,1ddb26075ac889f817d4df2ff7e863d06760fe5fc1e24a1a7f9b9d44508e6436,0.007237703138001539,,2657628.9844362196,2676864.1140765175,200000.0,ok,e9fe100cf7ad24bf0c636c374698c06ba84d3da922e7c05be0fea8bd02990afa,410.0
True,1ddb26075ac889f817d4df2ff7e863d06760fe5fc1e24a1a7f9b9d44508e6436,0.003778402352279109,,2676291.3245944064,2686403.4300306384,101325.0,ok,320d0b0ab347765b3ca5ff1b8152f900805880fc23eade9ed087048512d1085f,415.0
True,1ddb26075ac889f817d4df2ff7e863d06760fe5fc1e24a1a7f9b9d44508e6436,0.004350765180449745,,2674766.150596776,2686403.4300306384,120100.539483,ok,ce6b0254152d1fcd9cc47c7ff5797da5d93e81d68f91cc94940d78e05a9fc1af,415.0
True,1ddb26075ac889f817d4df2ff7e863d06760fe5fc1e24a1a7f9b9d44508e6436,0.005038008731501176,,2672937.149333542,2686403.4300306384,142355.189579,ok,eae9e467006d460cbe134af21f4066ca8cf39d05f7aaf9a5dd821f68adbe5e37,415.0
True,1ddb26075ac889f817d4df2ff7e863d06760fe5fc1e24a1a7f9b9d44508e6436,0.005865315905641211,,2670738.703831245,2686403.4300306384,168733.630067,ok,747c2b32b840ad6ed3e19bbc9a5bc6797291307544dcbfa4256fd559ac98a236,415.0
True,1ddb26075ac889f817d4df2ff7e863d06760fe5fc1e24a1a7f9b9d44508e6436,0.006864495838375673,,2668088.3486648104,2686403.4300306384,200000.0,ok,a3a9fc7e31c6331da6321620a80d844c1ba5835dc0e2cdfffa7ad463d844c2b1,415.0
True,1ddb26075ac889f817d4df2ff7e863d06760fe5fc1e24a1a7f9b9d44508e6436,0.003616559131906172,,2686240.1789238313,2695955.1253734115,101325.0,ok,4ecc03a7fa70bf7d6c92a0734ff864e29e47a0a75ca3d7d89eea3a83df919292,420.0
True,1ddb26075ac889f817d4df2ff7e863d06760fe5fc1e24a1a7f9b9d44508e6436,0.004156895763073765,,2684794.7136037094,2695955.1253734115,120100.539483,ok,a6034239eda2fc194c03bc9f6062f29bf8be1cb163260b03f5072de2fa0ae5be,420.0
True,1ddb26075ac889f817d4df2ff7e863d06760fe5fc1e24a1a7f9b9d44508e6436,0.004805055360992627,,2683062.859795073,2695955.1253734115,142355.189579,ok,c3c0e0f093eb85ff00e5ce0e6f36efcbaaf0a07e86a5d0ff8fad4c257fe496f4,420.0
True,1ddb26075ac889f817d4df2ff7e863d06760fe5fc1e24a1a7f9b9d44508e6436,0.005584357547958829,,2680983.5546241924,2695955.1253734115,168733.630067,ok,c7d7896919611fb4dd1ebafbe21a023b6940c58894c717b82aa5882c53b3b00b,420.0
True,1ddb26075ac889f817d4df2ff7e863d06760fe5fc1e24a1a7f9b9d44508e6436,0.006524030929798252,,2678480.634866676,2695955.1253734115,200000.0,ok,9ba179454a96b7db81c53973c6dc6df53f326888c9f76dd67e4d3ba7701c89d5,420.0
True,1ddb26075ac889f817d4df2ff7e863d06760fe5fc1e24a1a7f9b9d44508e6436,0.0034673972209453563,,2696170.6833786876,2705519.378113429,101325.0,ok,1a0f5521afbc4cd892c5d94d9dcf865774509c53bebe146925e8bc6586368ad1,425.0
True,1ddb26075ac889f817d4df2ff7e863d06760fe5fc1e24a1a7f9b9d44508e6436,0.0039784166522234266,,2694798.3474933775,2705519.378113429,120100.539483,ok,a3002d059701ddfa89715645c3da3c6107e549704ecabed3dd31e9f8db4b2884,425.0
True,1ddb26075ac889f817d4df2ff7e863d06760fe5fc1e24a1a7f9b9d44508e6436,0.004590877817243655,,2693155.43058875,2705519.378113429,142355.189579,ok,751eaae088882e44a28d9ac5da769e57ed17a877220eecb1e2ed87073fecf5d2,425.0
True,1ddb26075ac889f817d4df2ff7e863d06760fe5fc1e24a1a7f9b9d44508e6436,0.005326473013656408,,2691184.854610585,2705519.378113429,168733.630067,ok,9d3a33aecd5bb3def8dc12a0333fbb740887d6779ce5f01fbb05db3fb2589d75,425.0
True,1ddb26075ac889f817d4df2ff7e863d06760fe5fc1e24a1a7f9b9d44508e6436,0.006212240899241772,,2688815.8065892076,2705519.378113429,200000.0,ok,be3cab5ee8dbe42bad57de42038b17a8c172ed0d9b422e6ab88b4ee204bedf34,425.0
True,1ddb26075ac889f817d4df2ff7e863d06760fe5fc1e24a1a7f9b9d44508e6436,0.0033296110367515563,,2706086.1446499005,2715096.358943527,101325.0,ok,75d460eb605ba307b2761d5801430597723d128e2b2acb44396bfa7065883feb,430.0
True,1ddb26075ac889f817d4df2ff7e863d06760fe5fc1e24a1a7f9b9d44508e6436,0.0038137200457486475,,2704781.081115117,2715096.358943527,120100.539483,ok,62dbfdea6725d772b947e4596483895ce4b717cb3ea6b489b6e6abdc10574739,430.0
True,1ddb26075ac889f817d4df2ff7e863d06760fe5fc1e24a1a7f9b9d44508e6436,0.004393474330226299,,2703219.8320026645,2715096.358943527,142355.189579,ok,339a9a75c7d2aa2b73b5192917ea27ee675b3d9f20016de1c4a56cea2b45f2ac,430.0
True,1ddb26075ac889f817d4df2ff7e863d06760fe5fc1e24a1a7f9b9d44508e6436,0.00508912518675686,,2701348.8564400016,2715096.358943527,168733.630067,ok,0a06e1adb27318a2b34154f5457e24c2ed5971bd21d15825561b096b2c15d132,430.0
True,1ddb26075ac889f817d4df2ff7e863d06760fe5fc1e24a1a7f9b9d44508e6436,0.005925807872348754,,2699101.9990691706,2715096.358943527,200000.0,ok,a5efe01bb78cf5c56b302093c537554f8ae6f99a43e0764eb8b1ba1302cb966b,430.0
True,1ddb26075ac889f817d4df2ff7e863d06760fe5fc1e24a1a7f9b9d44508e6436,0.003202056850671875,,2715989.478712686,2724686.2314293506,101325.0,ok,906bd8174c19d6fbb526e0b6eab5d7aa88f4c51405506f18152c4b6723c9f353,435.0
True,1ddb26075ac889f817d4df2ff7e863d06760fe5fc1e24a1a7f9b9d44508e6436,0.003661402691123694,,2714746.4514662335,2724686.2314293506,120100.539483,ok,757b8f060b03575e24764f1d738c64bc346126016ed98e6e47d0831d63490c37,435.0
True,1ddb26075ac889f817d4df2ff7e863d06760fe5fc1e24a1a7f9b9d44508e6436,0.004211108621502868,,2713260.3971784106,2724686.2314293506,142355.189579,ok,cd381e1e6e83345d224941a2bdd03b0e0116c54f606fd8f04eaa27e0b0f3f60e,435.0
True,1ddb26075ac889f817d4df2ff7e863d06760fe5fc1e24a1a7f9b9d44508e6436,0.004870138024503534,,2711480.9449765035,2724686.2314293506,168733.630067,ok,61c905ff4bf950ca910335c4eb20683639fda04c74c0e107ab0a9099dab33702,435.0
True,1ddb26075ac889f817d4df2ff7e863d06760fe5fc1e24a1a7f9b9d44508e6436,0.005661946004042573,,2709346.0603294997,2724686.2314293506,200000.0,ok,27fd54f9f59b12edfdddeecf93948c359bdee3679d7f9601f9526a0f09f0df92,435.0
True,1ddb26075ac889f817d4df2ff7e863d06760fe5fc1e24a1a7f9b9d44508e6436,0.003083729000903368,,2725883.2669292316,2734289.1522125383,101325.0,ok,779a99a6fa1b3429f51035c5f0c50fbc443025cc18c944c190621a53579e8722,440.0
True,1ddb26075ac889f817d4df2ff7e863d06760fe5fc1e24a1a7f9b9d44508e6436,0.0035202340671460775,,2724697.5789723694,2734289.1522125383,120100.539483,ok,283cff830915c248607cf315ef67359a33c556ab0f4beb11c4c080b7160a94e7,440.0
True,1ddb26075ac889f817d4df2ff7e863d06760fe5fc1e24a1a7f9b9d44508e6436,0.004042264566579634,,2723280.9302035347,2734289.1522125383,142355.189579,ok,d159dbcefd0af4af386cdabe4570dd1526edc19fd6fbeef48b089a92f6d6588f,440.0
True,1ddb26075ac889f817d4df2ff7e863d06760fe5fc1e24a1a7f9b9d44508e6436,0.0046676251376247535,,2721585.809872176,2734289.1522125383,168733.630067,ok,1422ee79932597afd5acaa7b46073e4e56cd48b7c85772821573a33f42750e33,440.0
True,1ddb26075ac889f817d4df2ff7e863d06760fe5fc1e24a1a7f9b9d44508e6436,0.005418272383021394,,2719553.8685922064,2734289.1522125383,200000.0,ok,fb971db2a7331b278b8e909438ed30a1aa48f108fafb09b8065c45e4010619f9,440.0
True,1ddb26075ac889f817d4df2ff7e863d06760fe5fc1e24a1a7f9b9d44508e6436,0.002973740442620665,,2735769.801924445,2743905.271226128,101325.0,ok,09ceba81d9d5d60cbbbc96d4dfd64fea938533f59940916b002abc5db1a7fa23,445.0
True,1ddb26075ac889f817d4df2ff7e863d06760fe5fc1e24a1a7f9b9d44508e6436,0.0033891310699489807,,2734637.227234269,2743905.271226128,120100.539483,ok,a25309ae1df7d4585fbeadd7e6c578fc448687a7bc0ae50ca63d98e452ff69e6,445.0
True,1ddb26075ac889f817d4df2ff7e863d06760fe5fc1e24a1a7f9b9d44508e6436,0.0038856117587020567,,2733284.787715101,2743905.271226128,142355.189579,ok,5ed1931c4aaa72388fb9d0dbd591bcf2b716a8d5f43a3b14748819ff0dbeef1f,445.0
True,1ddb26075ac889f817d4df2ff7e863d06760fe5fc1e24a1a7f9b9d44508e6436,0.004479939326480276,,2731667.566269128,2743905.271226128,168733.630067,ok,acf19e1b72017ec2d8b788ee2bf2d95ef4fb051b40d12e8070c8a261ca189203,445.0
True,1ddb26075ac889f817d4df2ff7e863d06760fe5fc1e24a1a7f9b9d44508e6436,0.005192724126782844,,2729730.53362456,2743905.271226128,200000.0,ok,fe1b1f7a40b3b28732d020997de5c2baf7bcf704ee6c9027ba93cabac01d02f7,445.0
True,1ddb26075ac889f817d4df2ff7e863d06760fe5fc1e24a1a7f9b9d44508e6436,0.002871306568927867,,2745651.125806455,2753534.7319199676,101325.0,ok,aa5008145dea234fd0f514b9c49bf9ec8b60754d5b08b48e420e3a56aee0d85b,450.0
True,1ddb26075ac889f817d4df2ff7e863d06760fe5fc1e24a1a7f9b9d44508e6436,0.003267137328982539,,2744567.851839298,2753534.7319199676,120100.539483,ok,6ef82c3384dee859b0d86a742584d55d8c341449fb2d1cb0f940975c5b7073f4,450.0
True,1ddb26075ac889f817d4df2ff7e863d06760fe5fc1e24a1a7f9b9d44508e6436,0.0037399782395428627,,2743274.943326842,2753534.7319199676,142355.189579,ok,f00dd085e353918157e469f52c4b117a57191c38fe52636087b55a3f8487eb5b,450.0
True,1ddb26075ac889f817d4df2ff7e863d06760fe5fc1e24a1a7f9b9d44508e6436,0.0043056346859393635,,2741729.8448007186,2753534.7319199676,168733.630067,ok,1a791ce37b4872c4a583d761bd32fe6064dcb6f2e4638521ba7790ba9bd7f58e,450.0
True,1ddb26075ac889f817d4df2ff7e863d06760fe5fc1e24a1a7f9b9d44508e6436,0.004983500929861329,,2739880.5347274444,2753534.7319199676,200000.0,ok,63d77b2a572d54b82ff926877ff4cc889b70a7196ed389c8cff704594239f307,450.0
