pair_id,request_id
water-OKKJLVBELUTLKV-UHFFFAOYSA-N,need-5dfde0b637cd00f24720bba6
water-PHTQWCKDNZKARW-UHFFFAOYSA-N,need-5dfde0b637cd00f24720bba6
water-POAOYUHQDCAZBD-UHFFFAOYSA-N,need-5dfde0b637cd00f24720bba6
water-RTZKZFJDLAIYFH-UHFFFAOYSA-N,need-5dfde0b637cd00f24720bba6
water-RWGFKTVRMDUZSP-UHFFFAOYSA-N,need-5dfde0b637cd00f24720bba6
water-RYHBNJHYFVUHQT-UHFFFAOYSA-N,need-5dfde0b637cd00f24720bba6
water-SHOJXDKTYKFBRD-UHFFFAOYSA-N,need-5dfde0b637cd00f24720bba6
water-SWXVUIWOUIDPGS-UHFFFAOYSA-N,need-5dfde0b637cd00f24720bba6
water-WVDDGKGOMKODPV-UHFFFAOYSA-N,need-5dfde0b637cd00f24720bba6
water-WYURNTSHIVDZCO-UHFFFAOYSA-N,need-5dfde0b637cd00f24720bba6
water-XEKOWRVHYACXOJ-UHFFFAOYSA-N,need-5dfde0b637cd00f24720bba6
water-ZAFNJMIOTHYJRJ-UHFFFAOYSA-N,need-5dfde0b637cd00f24720bba6
water-ZSIAUFGUXNUGDI-UHFFFAOYSA-N,need-5dfde0b637cd00f24720bba6
water-ZWEHNKRNPOVVGH-UHFFFAOYSA-N,need-5dfde0b637cd00f24720bba6
water-ZXEKIIBDNHEJCQ-UHFFFAOYSA-N,need-5dfde0b637cd00f24720bba6
water-CSCPPACGZOOCGX-UHFFFAOYSA-N,need-5e0fbe6c3dfb1a3811d6c9f3
water-NKDDWNXOKDWJAK-UHFFFAOYSA-N,need-5f28a9992c6d077a2af419be
water-SWXVUIWOUIDPGS-UHFFFAOYSA-N,need-5f714d1da451727f3d60a8a1
water-LFQSCWFLJHTTHZ-UHFFFAOYSA-N,need-6058dd4fe718cc013bbf6877
water-OKKJLVBELUTLKV-UHFFFAOYSA-N,need-6058dd4fe718cc013bbf6877
water-RYHBNJHYFVUHQT-UHFFFAOYSA-N,need-6058dd4fe718cc013bbf6877
water-RYHBNJHYFVUHQT-UHFFFAOYSA-N,need-60c0c17c27b1aa75e0d6877d
water-PHTQWCKDNZKARW-UHFFFAOYSA-N,need-60c167fba67c6dba9c8deb18
water-LRHPLDYGYMQRHN-UHFFFAOYSA-N,need-60ca0e6f31e7197bcac267cb
water-RTZKZFJDLAIYFH-UHFFFAOYSA-N,need-613e4dca38385da8a097635f
water-NKDDWNXOKDWJAK-UHFFFAOYSA-N,need-615abdf36921c52fcda7c7c4
water-WYURNTSHIVDZCO-UHFFFAOYSA-N,need-615d830a8e0fd036a57f793c
water-ZSIAUFGUXNUGDI-UHFFFAOYSA-N,need-6171c7f91a0fc788103aafd6
water-WVDDGKGOMKODPV-UHFFFAOYSA-N,need-61857ae331c4793a19abf9c5
water-POAOYUHQDCAZBD-UHFFFAOYSA-N,need-624bbdc70256a6a84eed337d
water-WVDDGKGOMKODPV-UHFFFAOYSA-N,need-626a2d4a5397d32ec8ea11d4
water-LFQSCWFLJHTTHZ-UHFFFAOYSA-N,need-62d14279bd3c0f083ba2bea2
water-AMIMRNSIRUDHCM-UHFFFAOYSA-N,need-6341a20a7d9085dc300c5ffe
water-CSCPPACGZOOCGX-UHFFFAOYSA-N,need-6341a20a7d9085dc300c5ffe
water-DKPFZGUDAPQIHT-UHFFFAOYSA-N,need-6341a20a7d9085dc300c5ffe
water-HYBBIBNJHNGZAN-UHFFFAOYSA-N,need-6341a20a7d9085dc300c5ffe
water-JHIVVAPYMSGYDF-UHFFFAOYSA-N,need-6341a20a7d9085dc300c5ffe
water-LFQSCWFLJHTTHZ-UHFFFAOYSA-N,need-6341a20a7d9085dc300c5ffe
water-LRHPLDYGYMQRHN-UHFFFAOYSA-N,need-6341a20a7d9085dc300c5ffe
water-MLFHJEHSLIIPHL-UHFFFAOYSA-N,need-6341a20a7d9085dc300c5ffe
water-MSXVEPNJUHWQHW-UHFFFAOYSA-N,need-6341a20a7d9085dc300c5ffe
water-MTHSVFCYNBDYFN-UHFFFAOYSA-N,need-6341a20a7d9085dc300c5ffe
water-NKDDWNXOKDWJAK-UHFFFAOYSA-N,need-6341a20a7d9085dc300c5ffe
water-OKKJLVBELUTLKV-UHFFFAOYSA-N,need-6341a20a7d9085dc300c5ffe
water-PHTQWCKDNZKARW-UHFFFAOYSA-N,need-6341a20a7d9085dc300c5ffe
water-POAOYUHQDCAZBD-UHFFFAOYSA-N,need-6341a20a7d9085dc300c5ffe
water-RTZKZFJDLAIYFH-UHFFFAOYSA-N,need-6341a20a7d9085dc300c5ffe
water-RWGFKTVRMDUZSP-UHFFFAOYSA-N,need-6341a20a7d9085dc300c5ffe
water-RYHBNJHYFVUHQT-UHFFFAOYSA-N,need-6341a20a7d9085dc300c5ffe
water-SHOJXDKTYKFBRD-UHFFFAOYSA-N,need-6341a20a7d9085dc300c5ffe
water-SWXVUIWOUIDPGS-UHFFFAOYSA-N,need-6341a20a7d9085dc300c5ffe
water-WVDDGKGOMKODPV-UHFFFAOYSA-N,need-6341a20a7d9085dc300c5ffe
water-WYURNTSHIVDZCO-UHFFFAOYSA-N,need-6341a20a7d9085dc300c5ffe
water-XEKOWRVHYACXOJ-UHFFFAOYSA-N,need-6341a20a7d9085dc300c5ffe
water-ZAFNJMIOTHYJRJ-UHFFFAOYSA-N,need-6341a20a7d9085dc300c5ffe
water-ZSIAUFGUXNUGDI-UHFFFAOYSA-N,need-6341a20a7d9085dc300c5ffe
water-ZWEHNKRNPOVVGH-UHFFFAOYSA-N,need-6341a20a7d9085dc300c5ffe
water-ZXEKIIBDNHEJCQ-UHFFFAOYSA-N,need-6341a20a7d9085dc300c5ffe
water-XEKOWRVHYACXOJ-UHFFFAOYSA-N,need-652c3d463567fa1a11a6e273
water-ZAFNJMIOTHYJRJ-UHFFFAOYSA-N,need-6565599d1244ee3cee67090a
water-WVDDGKGOMKODPV-UHFFFAOYSA-N,need-66f22d7c533c04bb6956a26e
water-ZWEHNKRNPOVVGH-UHFFFAOYSA-N,need-672dafdbe8bf9fec36908363
water-PHTQWCKDNZKARW-UHFFFAOYSA-N,need-674557a76f633b3a8d9bce6b
water-HYBBIBNJHNGZAN-UHFFFAOYSA-N,need-67759b8591525846a6dd1699
water-ZSIAUFGUXNUGDI-UHFFFAOYSA-N,need-689897ce6f0a72df7766a7cd
water-LFQSCWFLJHTTHZ-UHFFFAOYSA-N,need-68eaa615621f36f9c2a2611a
water-OKKJLVBELUTLKV-UHFFFAOYSA-N,need-68eaa615621f36f9c2a2611a
water-OKKJLVBELUTLKV-UHFFFAOYSA-N,need-6a0afc87d3caaadd15b842ad
water-LRHPLDYGYMQRHN-UHFFFAOYSA-N,need-6b3e40c9f1424526b175e326
water-PHTQWCKDNZKARW-UHFFFAOYSA-N,need-6b430dc00ed617a71d0949d3
water-ZAFNJMIOTHYJRJ-UHFFFAOYSA-N,need-6bbec2d2461f3df829d19f06
water-HYBBIBNJHNGZAN-UHFFFAOYSA-N,need-6d3dc2d42667a5fc397cbdf9
water-OKKJLVBELUTLKV-UHFFFAOYSA-N,need-6db0360bed32fe4d94f55b7b
water-RWGFKTVRMDUZSP-UHFFFAOYSA-N,need-6e0fcaad6dc6286f3b0c31e4
water-ZAFNJMIOTHYJRJ-UHFFFAOYSA-N,need-6ef90004b9b09f1da333db7e
water-OKKJLVBELUTLKV-UHFFFAOYSA-N,need-6f7561c5a0aba2dcd6becd82
water-MLFHJEHSLIIPHL-UHFFFAOYSA-N,need-6fb2a0972b6e8317c2bc6e85
water-RTZKZFJDLAIYFH-UHFFFAOYSA-N,need-707ca0f78eb87a2c9bb815a0
water-HYBBIBNJHNGZAN-UHFFFAOYSA-N,need-70afbe658626dd94a14d6a3b
water-POAOYUHQDCAZBD-UHFFFAOYSA-N,need-70f89acfd4b3b254790a4c78
water-SHOJXDKTYKFBRD-UHFFFAOYSA-N,need-717cf9b81cca941eda123a38
water-CSCPPACGZOOCGX-UHFFFAOYSA-N,need-7199d2a9b1dc7708ff714330
water-XEKOWRVHYACXOJ-UHFFFAOYSA-N,need-71e27a2c5a51ffe673fb7a4d
water-ZWEHNKRNPOVVGH-UHFFFAOYSA-N,need-7282689d2125ac277353a770
water-DKPFZGUDAPQIHT-UHFFFAOYSA-N,need-729d82da871fa94e92d2e677
water-ZXEKIIBDNHEJCQ-UHFFFAOYSA-N,need-72de1438f4a7d592eea76a65
water-ZXEKIIBDNHEJCQ-UHFFFAOYSA-N,need-72de3cccbaa1e6f45d2d5a6c
water-ZWEHNKRNPOVVGH-UHFFFAOYSA-N,need-740a1ef492a41fdbeb04a00f
water-OKKJLVBELUTLKV-UHFFFAOYSA-N,need-740e70624cbb47bac24d06c6
water-RWGFKTVRMDUZSP-UHFFFAOYSA-N,need-740e70624cbb47bac24d06c6
water-ZAFNJMIOTHYJRJ-UHFFFAOYSA-N,need-740e70624cbb47bac24d06c6
water-RTZKZFJDLAIYFH-UHFFFAOYSA-N,need-745ab80aee4695d02255676f
water-RYHBNJHYFVUHQT-UHFFFAOYSA-N,need-75765ff33420ff917f4327ff
water-XEKOWRVHYACXOJ-UHFFFAOYSA-N,need-75e9af9e5f04ea67520df4bb
water-ZWEHNKRNPOVVGH-UHFFFAOYSA-N,need-76d6863d894bec6f85b0585b
water-XEKOWRVHYACXOJ-UHFFFAOYSA-N,need-77151c0a5860ffff30c374c2
water-ZXEKIIBDNHEJCQ-UHFFFAOYSA-N,need-77aff1bc9ec5c13fffe76307
water-DKPFZGUDAPQIHT-UHFFFAOYSA-N,need-78ba23bce4fd270f534c0ece
water-ZXEKIIBDNHEJCQ-UHFFFAOYSA-N,need-791dd062a7d21dba6e716002
water-SHOJXDKTYKFBRD-UHFFFAOYSA-N,need-799437ec47f4c286c03c00d4
water-RYHBNJHYFVUHQT-UHFFFAOYSA-N,need-7a188788b2da3cc75bd226b8
water-DKPFZGUDAPQIHT-UHFFFAOYSA-N,need-7ae1e828c56c53682e935e9f
water-AMIMRNSIRUDHCM-UHFFFAOYSA-N,need-7b2cc6b7cd619f3140d2b3fa
water-CSCPPACGZOOCGX-UHFFFAOYSA-N,need-7b2cc6b7cd619f3140d2b3fa
water-DKPFZGUDAPQIHT-UHFFFAOYSA-N,need-7b2cc6b7cd619f3140d2b3fa
water-HYBBIBNJHNGZAN-UHFFFAOYSA-N,need-7b2cc6b7cd619f3140d2b3fa
water-JHIVVAPYMSGYDF-UHFFFAOYSA-N,need-7b2cc6b7cd619f3140d2b3fa
water-LFQSCWFLJHTTHZ-UHFFFAOYSA-N,need-7b2cc6b7cd619f3140d2b3fa
water-LRHPLDYGYMQRHN-UHFFFAOYSA-N,need-7b2cc6b7cd619f3140d2b3fa
water-MLFHJEHSLIIPHL-UHFFFAOYSA-N,need-7b2cc6b7cd619f3140d2b3fa
water-MSXVEPNJUHWQHW-UHFFFAOYSA-N,need-7b2cc6b7cd619f3140d2b3fa
water-MTHSVFCYNBDYFN-UHFFFAOYSA-N,need-7b2cc6b7cd619f3140d2b3fa
water-NKDDWNXOKDWJAK-UHFFFAOYSA-N,need-7b2cc6b7cd619f3140d2b3fa
water-OKKJLVBELUTLKV-UHFFFAOYSA-N,need-7b2cc6b7cd619f3140d2b3fa
water-PHTQWCKDNZKARW-UHFFFAOYSA-N,need-7b2cc6b7cd619f3140d2b3fa
water-POAOYUHQDCAZBD-UHFFFAOYSA-N,need-7b2cc6b7cd619f3140d2b3fa
water-RTZKZFJDLAIYFH-UHFFFAOYSA-N,need-7b2cc6b7cd619f3140d2b3fa
water-RWGFKTVRMDUZSP-UHFFFAOYSA-N,need-7b2cc6b7cd619f3140d2b3fa
water-RYHBNJHYFVUHQT-UHFFFAOYSA-N,need-7b2cc6b7cd619f3140d2b3fa
water-SHOJXDKTYKFBRD-UHFFFAOYSA-N,need-7b2cc6b7cd619f3140d2b3fa
water-SWXVUIWOUIDPGS-UHFFFAOYSA-N,need-7b2cc6b7cd619f3140d2b3fa
water-WVDDGKGOMKODPV-UHFFFAOYSA-N,need-7b2cc6b7cd619f3140d2b3fa
water-WYURNTSHIVDZCO-UHFFFAOYSA-N,need-7b2cc6b7cd619f3140d2b3fa
water-XEKOWRVHYACXOJ-UHFFFAOYSA-N,need-7b2cc6b7cd619f3140d2b3fa
water-ZAFNJMIOTHYJRJ-UHFFFAOYSA-N,need-7b2cc6b7cd619f3140d2b3fa
water-ZSIAUFGUXNUGDI-UHFFFAOYSA-N,need-7b2cc6b7cd619f3140d2b3fa
water-ZWEHNKRNPOVVGH-UHFFFAOYSA-N,need-7b2cc6b7cd619f3140d2b3fa
water-ZXEKIIBDNHEJCQ-UHFFFAOYSA-N,need-7b2cc6b7cd619f3140d2b3fa
water-JHIVVAPYMSGYDF-UHFFFAOYSA-N,need-7b2e6537bf80333f19436a17
water-NKDDWNXOKDWJAK-UHFFFAOYSA-N,need-7d013158e8d8e9398264f828
water-AMIMRNSIRUDHCM-UHFFFAOYSA-N,need-7e60fe5a5c0550baabd354f4
water-RYHBNJHYFVUHQT-UHFFFAOYSA-N,need-7e69949e8b4bcdff67f92e3e
water-ZXEKIIBDNHEJCQ-UHFFFAOYSA-N,need-7eb6c3faf183f062218e3316
water-RYHBNJHYFVUHQT-UHFFFAOYSA-N,need-7f22b598e7bd533b2d41f2b2
water-WYURNTSHIVDZCO-UHFFFAOYSA-N,need-7f994e93dfbf7b71122e274b
water-PHTQWCKDNZKARW-UHFFFAOYSA-N,need-7fd143bce4e10abe53e963b7
water-ZWEHNKRNPOVVGH-UHFFFAOYSA-N,need-8070bdd82c50bedce4c52789
water-RWGFKTVRMDUZSP-UHFFFAOYSA-N,need-807539fab3d48d380cde7827
water-AMIMRNSIRUDHCM-UHFFFAOYSA-N,need-818ef916d8f813f86ce351f6
water-XEKOWRVHYACXOJ-UHFFFAOYSA-N,need-8215587ec03066df965076cb
water-MLFHJEHSLIIPHL-UHFFFAOYSA-N,need-825bf60bb92f20cf359ce771
water-HYBBIBNJHNGZAN-UHFFFAOYSA-N,need-82830c2cb3faf4f6173e00cb
water-POAOYUHQDCAZBD-UHFFFAOYSA-N,need-82991a36ffe1ce7cc734b114
water-JHIVVAPYMSGYDF-UHFFFAOYSA-N,need-837727db3bce8f918284fb0f
water-AMIMRNSIRUDHCM-UHFFFAOYSA-N,need-83b037cc6d6cc61fb7e2628c
water-WVDDGKGOMKODPV-UHFFFAOYSA-N,need-83e0d22d34eb55fbb294de54
water-MSXVEPNJUHWQHW-UHFFFAOYSA-N,need-84004faf3786f362c2d3f2fa
water-RTZKZFJDLAIYFH-UHFFFAOYSA-N,need-846a0f9eb4dd67896fe64801
water-ZAFNJMIOTHYJRJ-UHFFFAOYSA-N,need-84c446540e694415095de360
water-LRHPLDYGYMQRHN-UHFFFAOYSA-N,need-84d5e0ccbb2a6f1c2b5d8b65
water-MTHSVFCYNBDYFN-UHFFFAOYSA-N,need-84fb9d7b5f5d224082bcbfb7
water-AMIMRNSIRUDHCM-UHFFFAOYSA-N,need-85078df5cb0e10b5543a4242
water-CSCPPACGZOOCGX-UHFFFAOYSA-N,need-85078df5cb0e10b5543a4242
water-DKPFZGUDAPQIHT-UHFFFAOYSA-N,need-85078df5cb0e10b5543a4242
water-HYBBIBNJHNGZAN-UHFFFAOYSA-N,need-85078df5cb0e10b5543a4242
water-JHIVVAPYMSGYDF-UHFFFAOYSA-N,need-85078df5cb0e10b5543a4242
water-LFQSCWFLJHTTHZ-UHFFFAOYSA-N,need-85078df5cb0e10b5543a4242
water-LRHPLDYGYMQRHN-UHFFFAOYSA-N,need-85078df5cb0e10b5543a4242
water-MLFHJEHSLIIPHL-UHFFFAOYSA-N,need-85078df5cb0e10b5543a4242
water-MSXVEPNJUHWQHW-UHFFFAOYSA-N,need-85078df5cb0e10b5543a4242
water-MTHSVFCYNBDYFN-UHFFFAOYSA-N,need-85078df5cb0e10b5543a4242
water-NKDDWNXOKDWJAK-UHFFFAOYSA-N,need-85078df5cb0e10b5543a4242
water-OKKJLVBELUTLKV-UHFFFAOYSA-N,need-85078df5cb0e10b5543a4242
water-PHTQWCKDNZKARW-UHFFFAOYSA-N,need-85078df5cb0e10b5543a4242
water-POAOYUHQDCAZBD-UHFFFAOYSA-N,need-85078df5cb0e10b5543a4242
water-RTZKZFJDLAIYFH-UHFFFAOYSA-N,need-85078df5cb0e10b5543a4242
water-RWGFKTVRMDUZSP-UHFFFAOYSA-N,need-85078df5cb0e10b5543a4242
water-RYHBNJHYFVUHQT-UHFFFAOYSA-N,need-85078df5cb0e10b5543a4242
water-SHOJXDKTYKFBRD-UHFFFAOYSA-N,need-85078df5cb0e10b5543a4242
water-SWXVUIWOUIDPGS-UHFFFAOYSA-N,need-85078df5cb0e10b5543a4242
water-WVDDGKGOMKODPV-UHFFFAOYSA-N,need-85078df5cb0e10b5543a4242
water-WYURNTSHIVDZCO-UHFFFAOYSA-N,need-85078df5cb0e10b5543a4242
water-XEKOWRVHYACXOJ-UHFFFAOYSA-N,need-85078df5cb0e10b5543a4242
water-ZAFNJMIOTHYJRJ-UHFFFAOYSA-N,need-85078df5cb0e10b5543a4242
water-ZSIAUFGUXNUGDI-UHFFFAOYSA-N,need-85078df5cb0e10b5543a4242
water-ZWEHNKRNPOVVGH-UHFFFAOYSA-N,need-85078df5cb0e10b5543a4242
water-ZXEKIIBDNHEJCQ-UHFFFAOYSA-N,need-85078df5cb0e10b5543a4242
water-ZWEHNKRNPOVVGH-UHFFFAOYSA-N,need-858a80ece21928fd4bfacb2c
water-OKKJLVBELUTLKV-UHFFFAOYSA-N,need-86285bb8b3275763724dbde8
water-SWXVUIWOUIDPGS-UHFFFAOYSA-N,need-8681d7729129c3c7c50967c9
water-LFQSCWFLJHTTHZ-UHFFFAOYSA-N,need-868aa1a89565b867c00e8d97
water-ZWEHNKRNPOVVGH-UHFFFAOYSA-N,need-87f9a96b5039c626a2a2c836
water-OKKJLVBELUTLKV-UHFFFAOYSA-N,need-88848b1f4056d1e7d192ae2e
water-MTHSVFCYNBDYFN-UHFFFAOYSA-N,need-88b790efe16a2104d7fc9284
water-AMIMRNSIRUDHCM-UHFFFAOYSA-N,need-89029a25532374389da16571
water-CSCPPACGZOOCGX-UHFFFAOYSA-N,need-89029a25532374389da16571
water-DKPFZGUDAPQIHT-UHFFFAOYSA-N,need-89029a25532374389da16571
water-HYBBIBNJHNGZAN-UHFFFAOYSA-N,need-89029a25532374389da16571
water-JHIVVAPYMSGYDF-UHFFFAOYSA-N,need-89029a25532374389da16571
water-LFQSCWFLJHTTHZ-UHFFFAOYSA-N,need-89029a25532374389da16571
water-LRHPLDYGYMQRHN-UHFFFAOYSA-N,need-89029a25532374389da16571
water-MLFHJEHSLIIPHL-UHFFFAOYSA-N,need-89029a25532374389da16571
water-MSXVEPNJUHWQHW-UHFFFAOYSA-N,need-89029a25532374389da16571
water-MTHSVFCYNBDYFN-UHFFFAOYSA-N,need-89029a25532374389da16571
water-NKDDWNXOKDWJAK-UHFFFAOYSA-N,need-89029a25532374389da16571
water-OKKJLVBELUTLKV-UHFFFAOYSA-N,need-89029a25532374389da16571
water-PHTQWCKDNZKARW-UHFFFAOYSA-N,need-89029a25532374389da16571
water-POAOYUHQDCAZBD-UHFFFAOYSA-N,need-89029a25532374389da16571
water-RTZKZFJDLAIYFH-UHFFFAOYSA-N,need-89029a25532374389da16571
water-RWGFKTVRMDUZSP-UHFFFAOYSA-N,need-89029a25532374389da16571
water-RYHBNJHYFVUHQT-UHFFFAOYSA-N,need-89029a25532374389da16571
water-SHOJXDKTYKFBRD-UHFFFAOYSA-N,need-89029a25532374389da16571
water-SWXVUIWOUIDPGS-UHFFFAOYSA-N,need-89029a25532374389da16571
water-WVDDGKGOMKODPV-UHFFFAOYSA-N,need-89029a25532374389da16571
water-WYURNTSHIVDZCO-UHFFFAOYSA-N,need-89029a25532374389da16571
water-XEKOWRVHYACXOJ-UHFFFAOYSA-N,need-89029a25532374389da16571
water-ZAFNJMIOTHYJRJ-UHFFFAOYSA-N,need-89029a25532374389da16571
water-ZSIAUFGUXNUGDI-UHFFFAOYSA-N,need-89029a25532374389da16571
water-ZWEHNKRNPOVVGH-UHFFFAOYSA-N,need-89029a25532374389da16571
water-ZXEKIIBDNHEJCQ-UHFFFAOYSA-N,need-89029a25532374389da16571
water-SHOJXDKTYKFBRD-UHFFFAOYSA-N,need-890e8b033102cd0f53252fc5
water-WVDDGKGOMKODPV-UHFFFAOYSA-N,need-8a211064ad4fcea758a14efa
water-ZSIAUFGUXNUGDI-UHFFFAOYSA-N,need-8ad6cea92c36f6a8471344ef
water-MTHSVFCYNBDYFN-UHFFFAOYSA-N,need-8d134dac7f6c68c33a185172
water-PHTQWCKDNZKARW-UHFFFAOYSA-N,need-8d41341be3704e72bbd5f165
water-AMIMRNSIRUDHCM-UHFFFAOYSA-N,need-8d70998f2f6dd20546c77902
water-CSCPPACGZOOCGX-UHFFFAOYSA-N,need-8d70998f2f6dd20546c77902
water-DKPFZGUDAPQIHT-UHFFFAOYSA-N,need-8d70998f2f6dd20546c77902
water-HYBBIBNJHNGZAN-UHFFFAOYSA-N,need-8d70998f2f6dd20546c77902
water-JHIVVAPYMSGYDF-UHFFFAOYSA-N,need-8d70998f2f6dd20546c77902
water-LFQSCWFLJHTTHZ-UHFFFAOYSA-N,need-8d70998f2f6dd20546c77902
water-LRHPLDYGYMQRHN-UHFFFAOYSA-N,need-8d70998f2f6dd20546c77902
water-MLFHJEHSLIIPHL-UHFFFAOYSA-N,need-8d70998f2f6dd20546c77902
water-MSXVEPNJUHWQHW-UHFFFAOYSA-N,need-8d70998f2f6dd20546c77902
water-MTHSVFCYNBDYFN-UHFFFAOYSA-N,need-8d70998f2f6dd20546c77902
water-NKDDWNXOKDWJAK-UHFFFAOYSA-N,need-8d70998f2f6dd20546c77902
water-OKKJLVBELUTLKV-UHFFFAOYSA-N,need-8d70998f2f6dd20546c77902
water-PHTQWCKDNZKARW-UHFFFAOYSA-N,need-8d70998f2f6dd20546c77902
water-POAOYUHQDCAZBD-UHFFFAOYSA-N,need-8d70998f2f6dd20546c77902
water-RTZKZFJDLAIYFH-UHFFFAOYSA-N,need-8d70998f2f6dd20546c77902
water-RWGFKTVRMDUZSP-UHFFFAOYSA-N,need-8d70998f2f6dd20546c77902
water-RYHBNJHYFVUHQT-UHFFFAOYSA-N,need-8d70998f2f6dd20546c77902
water-SHOJXDKTYKFBRD-UHFFFAOYSA-N,need-8d70998f2f6dd20546c77902
water-SWXVUIWOUIDPGS-UHFFFAOYSA-N,need-8d70998f2f6dd20546c77902
water-WVDDGKGOMKODPV-UHFFFAOYSA-N,need-8d70998f2f6dd20546c77902
water-WYURNTSHIVDZCO-UHFFFAOYSA-N,need-8d70998f2f6dd20546c77902
water-XEKOWRVHYACXOJ-UHFFFAOYSA-N,need-8d70998f2f6dd20546c77902
water-ZAFNJMIOTHYJRJ-UHFFFAOYSA-N,need-8d70998f2f6dd20546c77902
water-ZSIAUFGUXNUGDI-UHFFFAOYSA-N,need-8d70998f2f6dd20546c77902
water-ZWEHNKRNPOVVGH-UHFFFAOYSA-N,need-8d70998f2f6dd20546c77902
water-ZXEKIIBDNHEJCQ-UHFFFAOYSA-N,need-8d70998f2f6dd20546c77902
water-XEKOWRVHYACXOJ-UHFFFAOYSA-N,need-8dd6493241d7154bf79c6a7d
water-LRHPLDYGYMQRHN-UHFFFAOYSA-N,need-8e4c2bd12678662c0cb787ab
water-WYURNTSHIVDZCO-UHFFFAOYSA-N,need-8e5d65c57748a28bf7135737
water-DKPFZGUDAPQIHT-UHFFFAOYSA-N,need-8e71c541070a68473c535bb1
water-AMIMRNSIRUDHCM-UHFFFAOYSA-N,need-8e8141c914d33b2333df941e
water-CSCPPACGZOOCGX-UHFFFAOYSA-N,need-8e8141c914d33b2333df941e
water-DKPFZGUDAPQIHT-UHFFFAOYSA-N,need-8e8141c914d33b2333df941e
water-HYBBIBNJHNGZAN-UHFFFAOYSA-N,need-8e8141c914d33b2333df941e
water-JHIVVAPYMSGYDF-UHFFFAOYSA-N,need-8e8141c914d33b2333df941e
water-LFQSCWFLJHTTHZ-UHFFFAOYSA-N,need-8e8141c914d33b2333df941e
water-LRHPLDYGYMQRHN-UHFFFAOYSA-N,need-8e8141c914d33b2333df941e
water-MLFHJEHSLIIPHL-UHFFFAOYSA-N,need-8e8141c914d33b2333df941e
water-MSXVEPNJUHWQHW-UHFFFAOYSA-N,need-8e8141c914d33b2333df941e
water-MTHSVFCYNBDYFN-UHFFFAOYSA-N,need-8e8141c914d33b2333df941e
water-NKDDWNXOKDWJAK-UHFFFAOYSA-N,need-8e8141c914d33b2333df941e
water-OKKJLVBELUTLKV-UHFFFAOYSA-N,need-8e8141c914d33b2333df941e
water-PHTQWCKDNZKARW-UHFFFAOYSA-N,need-8e8141c914d33b2333df941e
water-POAOYUHQDCAZBD-UHFFFAOYSA-N,need-8e8141c914d33b2333df941e
water-RTZKZFJDLAIYFH-UHFFFAOYSA-N,need-8e8141c914d33b2333df941e
water-RWGFKTVRMDUZSP-UHFFFAOYSA-N,need-8e8141c914d33b2333df941e
water-RYHBNJHYFVUHQT-UHFFFAOYSA-N,need-8e8141c914d33b2333df941e
water-SHOJXDKTYKFBRD-UHFFFAOYSA-N,need-8e8141c914d33b2333df941e
water-SWXVUIWOUIDPGS-UHFFFAOYSA-N,need-8e8141c914d33b2333df941e
water-WVDDGKGOMKODPV-UHFFFAOYSA-N,need-8e8141c914d33b2333df941e
water-WYURNTSHIVDZCO-UHFFFAOYSA-N,need-8e8141c914d33b2333df941e
water-XEKOWRVHYACXOJ-UHFFFAOYSA-N,need-8e8141c914d33b2333df941e
water-ZAFNJMIOTHYJRJ-UHFFFAOYSA-N,need-8e8141c914d33b2333df941e
water-ZSIAUFGUXNUGDI-UHFFFAOYSA-N,need-8e8141c914d33b2333df941e
water-ZWEHNKRNPOVVGH-UHFFFAOYSA-N,need-8e8141c914d33b2333df941e
water-ZXEKIIBDNHEJCQ-UHFFFAOYSA-N,need-8e8141c914d33b2333df941e
water-RTZKZFJDLAIYFH-UHFFFAOYSA-N,need-8f92c45061d1d459bd8d180e
water-SWXVUIWOUIDPGS-UHFFFAOYSA-N,need-907d4f9090fe35af8df51903
water-ZSIAUFGUXNUGDI-UHFFFAOYSA-N,need-909f1789969dc5a60d414d97
water-ZWEHNKRNPOVVGH-UHFFFAOYSA-N,need-912836bb64c0356e6f8e5c17
water-AMIMRNSIRUDHCM-UHFFFAOYSA-N,need-913dbf8a5702b7c33c0e3477
water-SWXVUIWOUIDPGS-UHFFFAOYSA-N,need-9182a02f2f2a2d28ed81145f
water-AMIMRNSIRUDHCM-UHFFFAOYSA-N,need-919fa6f275e2123de7e707c7
water-CSCPPACGZOOCGX-UHFFFAOYSA-N,need-919fa6f275e2123de7e707c7
water-DKPFZGUDAPQIHT-UHFFFAOYSA-N,need-919fa6f275e2123de7e707c7
water-HYBBIBNJHNGZAN-UHFFFAOYSA-N,need-919fa6f275e2123de7e707c7
water-JHIVVAPYMSGYDF-UHFFFAOYSA-N,need-919fa6f275e2123de7e707c7
water-LFQSCWFLJHTTHZ-UHFFFAOYSA-N,need-919fa6f275e2123de7e707c7
water-LRHPLDYGYMQRHN-UHFFFAOYSA-N,need-919fa6f275e2123de7e707c7
water-MLFHJEHSLIIPHL-UHFFFAOYSA-N,need-919fa6f275e2123de7e707c7
water-MSXVEPNJUHWQHW-UHFFFAOYSA-N,need-919fa6f275e2123de7e707c7
water-MTHSVFCYNBDYFN-UHFFFAOYSA-N,need-919fa6f275e2123de7e707c7
water-NKDDWNXOKDWJAK-UHFFFAOYSA-N,need-919fa6f275e2123de7e707c7
water-OKKJLVBELUTLKV-UHFFFAOYSA-N,need-919fa6f275e2123de7e707c7
water-PHTQWCKDNZKARW-UHFFFAOYSA-N,need-919fa6f275e2123de7e707c7
water-POAOYUHQDCAZBD-UHFFFAOYSA-N,need-919fa6f275e2123de7e707c7
water-RTZKZFJDLAIYFH-UHFFFAOYSA-N,need-919fa6f275e2123de7e707c7
water-RWGFKTVRMDUZSP-UHFFFAOYSA-N,need-919fa6f275e2123de7e707c7
water-RYHBNJHYFVUHQT-UHFFFAOYSA-N,need-919fa6f275e2123de7e707c7
water-SHOJXDKTYKFBRD-UHFFFAOYSA-N,need-919fa6f275e2123de7e707c7
water-SWXVUIWOUIDPGS-UHFFFAOYSA-N,need-919fa6f275e2123de7e707c7
water-WVDDGKGOMKODPV-UHFFFAOYSA-N,need-919fa6f275e2123de7e707c7
water-WYURNTSHIVDZCO-UHFFFAOYSA-N,need-919fa6f275e2123de7e707c7
water-XEKOWRVHYACXOJ-UHFFFAOYSA-N,need-919fa6f275e2123de7e707c7
water-ZAFNJMIOTHYJRJ-UHFFFAOYSA-N,need-919fa6f275e2123de7e707c7
water-ZSIAUFGUXNUGDI-UHFFFAOYSA-N,need-919fa6f275e2123de7e707c7
water-ZWEHNKRNPOVVGH-UHFFFAOYSA-N,need-919fa6f275e2123de7e707c7
water-ZXEKIIBDNHEJCQ-UHFFFAOYSA-N,need-919fa6f275e2123de7e707c7
water-POAOYUHQDCAZBD-UHFFFAOYSA-N,need-92121955458de5f27b320e6b
water-MSXVEPNJUHWQHW-UHFFFAOYSA-N,need-92604e2f8799bfe0489849b6
water-ZWEHNKRNPOVVGH-UHFFFAOYSA-N,need-9375ed43d355d1ee5403f803
water-XEKOWRVHYACXOJ-UHFFFAOYSA-N,need-93817833a04be7ad33601d33
water-NKDDWNXOKDWJAK-UHFFFAOYSA-N,need-9401dc43be676198da166a01
water-ZXEKIIBDNHEJCQ-UHFFFAOYSA-N,need-94fe1ee6c05d963f76e0fdd2
water-WVDDGKGOMKODPV-UHFFFAOYSA-N,need-95bb5842708f82fc29413c84
water-LRHPLDYGYMQRHN-UHFFFAOYSA-N,need-970c14649495c6325c9efb0a
water-ZSIAUFGUXNUGDI-UHFFFAOYSA-N,need-977644b40d46a2fc7a7d7b9d
water-MLFHJEHSLIIPHL-UHFFFAOYSA-N,need-97bdfa7920a15ce88701c4bb
water-CSCPPACGZOOCGX-UHFFFAOYSA-N,need-984bf2427c6484d390b28490
water-WYURNTSHIVDZCO-UHFFFAOYSA-N,need-984f0fe8fcf7df5538043a03
water-LFQSCWFLJHTTHZ-UHFFFAOYSA-N,need-98eddd6abe647ac9d8b9dd84
water-ZSIAUFGUXNUGDI-UHFFFAOYSA-N,need-9a9d4dbb6efaa21d636efefd
water-OKKJLVBELUTLKV-UHFFFAOYSA-N,need-9b8dce67e5c0b9a3e0319ea4
water-HYBBIBNJHNGZAN-UHFFFAOYSA-N,need-9bb3e12230ac87fc9f64c49c
water-POAOYUHQDCAZBD-UHFFFAOYSA-N,need-9c1e19dc6e12250cd7c5400c
water-LFQSCWFLJHTTHZ-UHFFFAOYSA-N,need-9cc9bf86dc208aa2f2b8d6bd
water-HYBBIBNJHNGZAN-UHFFFAOYSA-N,need-9e6e49bd0757e1c1c0f40b7c
water-PHTQWCKDNZKARW-UHFFFAOYSA-N,need-9fa12741e489706a133712a3
water-MLFHJEHSLIIPHL-UHFFFAOYSA-N,need-9fe2b3d8814f0e586480c902
water-AMIMRNSIRUDHCM-UHFFFAOYSA-N,need-a00106e194a3bce5e9d47f8a
water-CSCPPACGZOOCGX-UHFFFAOYSA-N,need-a00106e194a3bce5e9d47f8a
water-DKPFZGUDAPQIHT-UHFFFAOYSA-N,need-a00106e194a3bce5e9d47f8a
water-HYBBIBNJHNGZAN-UHFFFAOYSA-N,need-a00106e194a3bce5e9d47f8a
water-JHIVVAPYMSGYDF-UHFFFAOYSA-N,need-a00106e194a3bce5e9d47f8a
water-LFQSCWFLJHTTHZ-UHFFFAOYSA-N,need-a00106e194a3bce5e9d47f8a
water-LRHPLDYGYMQRHN-UHFFFAOYSA-N,need-a00106e194a3bce5e9d47f8a
water-MLFHJEHSLIIPHL-UHFFFAOYSA-N,need-a00106e194a3bce5e9d47f8a
water-MSXVEPNJUHWQHW-UHFFFAOYSA-N,need-a00106e194a3bce5e9d47f8a
water-MTHSVFCYNBDYFN-UHFFFAOYSA-N,need-a00106e194a3bce5e9d47f8a
water-NKDDWNXOKDWJAK-UHFFFAOYSA-N,need-a00106e194a3bce5e9d47f8a
water-OKKJLVBELUTLKV-UHFFFAOYSA-N,need-a00106e194a3bce5e9d47f8a
water-PHTQWCKDNZKARW-UHFFFAOYSA-N,need-a00106e194a3bce5e9d47f8a
water-POAOYUHQDCAZBD-UHFFFAOYSA-N,need-a00106e194a3bce5e9d47f8a
water-RTZKZFJDLAIYFH-UHFFFAOYSA-N,need-a00106e194a3bce5e9d47f8a
water-RWGFKTVRMDUZSP-UHFFFAOYSA-N,need-a00106e194a3bce5e9d47f8a
water-RYHBNJHYFVUHQT-UHFFFAOYSA-N,need-a00106e194a3bce5e9d47f8a
water-SHOJXDKTYKFBRD-UHFFFAOYSA-N,need-a00106e194a3bce5e9d47f8a
water-SWXVUIWOUIDPGS-UHFFFAOYSA-N,need-a00106e194a3bce5e9d47f8a
water-WVDDGKGOMKODPV-UHFFFAOYSA-N,need-a00106e194a3bce5e9d47f8a
water-WYURNTSHIVDZCO-UHFFFAOYSA-N,need-a00106e194a3bce5e9d47f8a
water-XEKOWRVHYACXOJ-UHFFFAOYSA-N,need-a00106e194a3bce5e9d47f8a
water-ZAFNJMIOTHYJRJ-UHFFFAOYSA-N,need-a00106e194a3bce5e9d47f8a
water-ZSIAUFGUXNUGDI-UHFFFAOYSA-N,need-a00106e194a3bce5e9d47f8a
water-ZWEHNKRNPOVVGH-UHFFFAOYSA-N,need-a00106e194a3bce5e9d47f8a
water-ZXEKIIBDNHEJCQ-UHFFFAOYSA-N,need-a00106e194a3bce5e9d47f8a
water-OKKJLVBELUTLKV-UHFFFAOYSA-N,need-a1541bc5c2322992f1528602
water-AMIMRNSIRUDHCM-UHFFFAOYSA-N,need-a16cfb22c2227a5cf1a7b305
water-AMIMRNSIRUDHCM-UHFFFAOYSA-N,need-a26b31db53562197936a6f3d
water-RWGFKTVRMDUZSP-UHFFFAOYSA-N,need-a279ea128b27c44148075f06
water-JHIVVAPYMSGYDF-UHFFFAOYSA-N,need-a2884cbceb415a1b3ce8fbae
water-SWXVUIWOUIDPGS-UHFFFAOYSA-N,need-a2981921dd99f7b9a084d47d
water-SHOJXDKTYKFBRD-UHFFFAOYSA-N,need-a2e6bfaf2718ce1d8741eb14
water-RTZKZFJDLAIYFH-UHFFFAOYSA-N,need-a2e784c5c8e6720840a105b9
water-OKKJLVBELUTLKV-UHFFFAOYSA-N,need-a31d4d6e3f1d64306459841f
water-ZXEKIIBDNHEJCQ-UHFFFAOYSA-N,need-a34e00340d0634a538741b37
water-MLFHJEHSLIIPHL-UHFFFAOYSA-N,need-a3b5a62889721cb9a604d1e6
water-POAOYUHQDCAZBD-UHFFFAOYSA-N,need-a416aabce3c2387875dc30d7
water-WVDDGKGOMKODPV-UHFFFAOYSA-N,need-a438b16c334af62eb5341c2f
water-LRHPLDYGYMQRHN-UHFFFAOYSA-N,need-a442823c9235a55e86c1d9c8
water-AMIMRNSIRUDHCM-UHFFFAOYSA-N,need-a4a4db4a90b48e08a75134a7
water-CSCPPACGZOOCGX-UHFFFAOYSA-N,need-a4a4db4a90b48e08a75134a7
water-DKPFZGUDAPQIHT-UHFFFAOYSA-N,need-a4a4db4a90b48e08a75134a7
water-HYBBIBNJHNGZAN-UHFFFAOYSA-N,need-a4a4db4a90b48e08a75134a7
water-JHIVVAPYMSGYDF-UHFFFAOYSA-N,need-a4a4db4a90b48e08a75134a7
water-LFQSCWFLJHTTHZ-UHFFFAOYSA-N,need-a4a4db4a90b48e08a75134a7
water-LRHPLDYGYMQRHN-UHFFFAOYSA-N,need-a4a4db4a90b48e08a75134a7
water-MLFHJEHSLIIPHL-UHFFFAOYSA-N,need-a4a4db4a90b48e08a75134a7
water-MSXVEPNJUHWQHW-UHFFFAOYSA-N,need-a4a4db4a90b48e08a75134a7
water-MTHSVFCYNBDYFN-UHFFFAOYSA-N,need-a4a4db4a90b48e08a75134a7
water-NKDDWNXOKDWJAK-UHFFFAOYSA-N,need-a4a4db4a90b48e08a75134a7
water-OKKJLVBELUTLKV-UHFFFAOYSA-N,need-a4a4db4a90b48e08a75134a7
water-PHTQWCKDNZKARW-UHFFFAOYSA-N,need-a4a4db4a90b48e08a75134a7
water-POAOYUHQDCAZBD-UHFFFAOYSA-N,need-a4a4db4a90b48e08a75134a7
water-RTZKZFJDLAIYFH-UHFFFAOYSA-N,need-a4a4db4a90b48e08a75134a7
water-RWGFKTVRMDUZSP-UHFFFAOYSA-N,need-a4a4db4a90b48e08a75134a7
water-RYHBNJHYFVUHQT-UHFFFAOYSA-N,need-a4a4db4a90b48e08a75134a7
water-SHOJXDKTYKFBRD-UHFFFAOYSA-N,need-a4a4db4a90b48e08a75134a7
water-SWXVUIWOUIDPGS-UHFFFAOYSA-N,need-a4a4db4a90b48e08a75134a7
water-WVDDGKGOMKODPV-UHFFFAOYSA-N,need-a4a4db4a90b48e08a75134a7
water-WYURNTSHIVDZCO-UHFFFAOYSA-N,need-a4a4db4a90b48e08a75134a7
water-XEKOWRVHYACXOJ-UHFFFAOYSA-N,need-a4a4db4a90b48e08a75134a7
water-ZAFNJMIOTHYJRJ-UHFFFAOYSA-N,need-a4a4db4a90b48e08a75134a7
water-ZSIAUFGUXNUGDI-UHFFFAOYSA-N,need-a4a4db4a90b48e08a75134a7
water-ZWEHNKRNPOVVGH-UHFFFAOYSA-N,need-a4a4db4a90b48e08a75134a7
water-ZXEKIIBDNHEJCQ-UHFFFAOYSA-N,need-a4a4db4a90b48e08a75134a7
water-ZAFNJMIOTHYJRJ-UHFFFAOYSA-N,need-a4bf099f68de88df2a84fc36
water-OKKJLVBELUTLKV-UHFFFAOYSA-N,need-a5b6c46739fe257c2792ffb2
water-CSCPPACGZOOCGX-UHFFFAOYSA-N,need-a5f651d8a9b2803283ada645
water-ZSIAUFGUXNUGDI-UHFFFAOYSA-N,need-a7d906b230241be154ec0646
water-WVDDGKGOMKODPV-UHFFFAOYSA-N,need-a92309e49f4d54210f0ba177
water-JHIVVAPYMSGYDF-UHFFFAOYSA-N,need-a9501a9a17e2f8417d310fb8
water-RTZKZFJDLAIYFH-UHFFFAOYSA-N,need-aa372e169772d7fa35050160
water-CSCPPACGZOOCGX-UHFFFAOYSA-N,need-aacbff84fd3bb8010a2b75a4
water-JHIVVAPYMSGYDF-UHFFFAOYSA-N,need-ab7588feda7fada605f1e299
water-AMIMRNSIRUDHCM-UHFFFAOYSA-N,need-ac4c8a0f3da92a66a5ae17c0
water-WYURNTSHIVDZCO-UHFFFAOYSA-N,need-ace0b359c8c131636d71b46c
water-MSXVEPNJUHWQHW-UHFFFAOYSA-N,need-ade710450464b09bf3e1589d
water-XEKOWRVHYACXOJ-UHFFFAOYSA-N,need-ae86cacf73e6007c900ef478
water-DKPFZGUDAPQIHT-UHFFFAOYSA-N,need-aee322d5ef1d3e5d4a3ca875
water-AMIMRNSIRUDHCM-UHFFFAOYSA-N,need-aef7026cf03d71f17141c672
water-HYBBIBNJHNGZAN-UHFFFAOYSA-N,need-af132399c1a0de1e998ae3b7
water-MSXVEPNJUHWQHW-UHFFFAOYSA-N,need-af391cd875e2e380c8af36fb
water-PHTQWCKDNZKARW-UHFFFAOYSA-N,need-afbae2195cf1b55617a029e8
water-RWGFKTVRMDUZSP-UHFFFAOYSA-N,need-afc8dfaab6d4b7a0fa30e0dc
water-RWGFKTVRMDUZSP-UHFFFAOYSA-N,need-b08905b0a2175bddfe859113
water-ZAFNJMIOTHYJRJ-UHFFFAOYSA-N,need-b08905b0a2175bddfe859113
water-LFQSCWFLJHTTHZ-UHFFFAOYSA-N,need-b0ee4a4b262c8a68acb7a9de
water-WYURNTSHIVDZCO-UHFFFAOYSA-N,need-b116e62d71c73e4418611e1d
water-LFQSCWFLJHTTHZ-UHFFFAOYSA-N,need-b132f559bd19ec7bc22253a8
water-MTHSVFCYNBDYFN-UHFFFAOYSA-N,need-b2732ca0a8ee1890da3b3374
water-HYBBIBNJHNGZAN-UHFFFAOYSA-N,need-b2a61da16b8b87c2acc532a9
water-HYBBIBNJHNGZAN-UHFFFAOYSA-N,need-b3f34160bd710d2c9420ef87
water-PHTQWCKDNZKARW-UHFFFAOYSA-N,need-b46fc5f7f66bd9a7f32c4d96
water-MTHSVFCYNBDYFN-UHFFFAOYSA-N,need-b6bb73f2e2e75f6717fd6dfa
water-MLFHJEHSLIIPHL-UHFFFAOYSA-N,need-b79ad57cf68a8b38c4b595ff
water-SWXVUIWOUIDPGS-UHFFFAOYSA-N,need-b7aaa7262b7760f7f3be9ad3
water-ZXEKIIBDNHEJCQ-UHFFFAOYSA-N,need-b7de65ab4270a79e7ba23917
water-MTHSVFCYNBDYFN-UHFFFAOYSA-N,need-b83e3c9d31c0cdf30189b539
water-DKPFZGUDAPQIHT-UHFFFAOYSA-N,need-b8882b2b6adf059cad231d9a
water-OKKJLVBELUTLKV-UHFFFAOYSA-N,need-b8f56f6e9103b0efc5a736ca
water-POAOYUHQDCAZBD-UHFFFAOYSA-N,need-b95cd40183a403edbe55c2c7
water-RWGFKTVRMDUZSP-UHFFFAOYSA-N,need-ba2e0debd8b66bbfaac89dd7
water-ZXEKIIBDNHEJCQ-UHFFFAOYSA-N,need-ba691e98eb156d39fdacefaa
water-LRHPLDYGYMQRHN-UHFFFAOYSA-N,need-bb63d44f0f87999efe84e2f7
water-WVDDGKGOMKODPV-UHFFFAOYSA-N,need-bc35c62db4ad1767cbe69d71
water-RWGFKTVRMDUZSP-UHFFFAOYSA-N,need-bcdcc812f1be260cd5ce477d
water-MTHSVFCYNBDYFN-UHFFFAOYSA-N,need-bda52da4005f8d80920ac8e5
water-CSCPPACGZOOCGX-UHFFFAOYSA-N,need-be05b97718f22f26000eff4e
water-ZAFNJMIOTHYJRJ-UHFFFAOYSA-N,need-be3331f3a4c8e4945e210d1b
water-AMIMRNSIRUDHCM-UHFFFAOYSA-N,need-be577ca873ad9e9dd56bdfbb
water-CSCPPACGZOOCGX-UHFFFAOYSA-N,need-be577ca873ad9e9dd56bdfbb
water-DKPFZGUDAPQIHT-UHFFFAOYSA-N,need-be577ca873ad9e9dd56bdfbb
water-HYBBIBNJHNGZAN-UHFFFAOYSA-N,need-be577ca873ad9e9dd56bdfbb
water-JHIVVAPYMSGYDF-UHFFFAOYSA-N,need-be577ca873ad9e9dd56bdfbb
water-LFQSCWFLJHTTHZ-UHFFFAOYSA-N,need-be577ca873ad9e9dd56bdfbb
water-LRHPLDYGYMQRHN-UHFFFAOYSA-N,need-be577ca873ad9e9dd56bdfbb
water-MLFHJEHSLIIPHL-UHFFFAOYSA-N,need-be577ca873ad9e9dd56bdfbb
water-MSXVEPNJUHWQHW-UHFFFAOYSA-N,need-be577ca873ad9e9dd56bdfbb
water-MTHSVFCYNBDYFN-UHFFFAOYSA-N,need-be577ca873ad9e9dd56bdfbb
water-NKDDWNXOKDWJAK-UHFFFAOYSA-N,need-be577ca873ad9e9dd56bdfbb
water-OKKJLVBELUTLKV-UHFFFAOYSA-N,need-be577ca873ad9e9dd56bdfbb
water-PHTQWCKDNZKARW-UHFFFAOYSA-N,need-be577ca873ad9e9dd56bdfbb
water-POAOYUHQDCAZBD-UHFFFAOYSA-N,need-be577ca873ad9e9dd56bdfbb
water-RTZKZFJDLAIYFH-UHFFFAOYSA-N,need-be577ca873ad9e9dd56bdfbb
water-RWGFKTVRMDUZSP-UHFFFAOYSA-N,need-be577ca873ad9e9dd56bdfbb
water-RYHBNJHYFVUHQT-UHFFFAOYSA-N,need-be577ca873ad9e9dd56bdfbb
water-SHOJXDKTYKFBRD-UHFFFAOYSA-N,need-be577ca873ad9e9dd56bdfbb
water-SWXVUIWOUIDPGS-UHFFFAOYSA-N,need-be577ca873ad9e9dd56bdfbb
water-WVDDGKGOMKODPV-UHFFFAOYSA-N,need-be577ca873ad9e9dd56bdfbb
water-WYURNTSHIVDZCO-UHFFFAOYSA-N,need-be577ca873ad9e9dd56bdfbb
water-XEKOWRVHYACXOJ-UHFFFAOYSA-N,need-be577ca873ad9e9dd56bdfbb
water-ZAFNJMIOTHYJRJ-UHFFFAOYSA-N,need-be577ca873ad9e9dd56bdfbb
water-ZSIAUFGUXNUGDI-UHFFFAOYSA-N,need-be577ca873ad9e9dd56bdfbb
water-ZWEHNKRNPOVVGH-UHFFFAOYSA-N,need-be577ca873ad9e9dd56bdfbb
water-ZXEKIIBDNHEJCQ-UHFFFAOYSA-N,need-be577ca873ad9e9dd56bdfbb
water-LFQSCWFLJHTTHZ-UHFFFAOYSA-N,need-be98fbc9bd1a63c53b381549
water-ZXEKIIBDNHEJCQ-UHFFFAOYSA-N,need-bec26d642e751a2c68106bb4
water-DKPFZGUDAPQIHT-UHFFFAOYSA-N,need-bf2727b48037a64acc08acf4
water-SWXVUIWOUIDPGS-UHFFFAOYSA-N,need-bfdfb5c8174532c8b738e306
water-LFQSCWFLJHTTHZ-UHFFFAOYSA-N,need-c1183d725bde6986cff4ab99
water-AMIMRNSIRUDHCM-UHFFFAOYSA-N,need-c220d68f94ecaa6a60f6da32
water-CSCPPACGZOOCGX-UHFFFAOYSA-N,need-c220d68f94ecaa6a60f6da32
water-DKPFZGUDAPQIHT-UHFFFAOYSA-N,need-c220d68f94ecaa6a60f6da32
water-HYBBIBNJHNGZAN-UHFFFAOYSA-N,need-c220d68f94ecaa6a60f6da32
water-JHIVVAPYMSGYDF-UHFFFAOYSA-N,need-c220d68f94ecaa6a60f6da32
water-LFQSCWFLJHTTHZ-UHFFFAOYSA-N,need-c220d68f94ecaa6a60f6da32
water-LRHPLDYGYMQRHN-UHFFFAOYSA-N,need-c220d68f94ecaa6a60f6da32
water-MLFHJEHSLIIPHL-UHFFFAOYSA-N,need-c220d68f94ecaa6a60f6da32
water-MSXVEPNJUHWQHW-UHFFFAOYSA-N,need-c220d68f94ecaa6a60f6da32
water-MTHSVFCYNBDYFN-UHFFFAOYSA-N,need-c220d68f94ecaa6a60f6da32
water-NKDDWNXOKDWJAK-UHFFFAOYSA-N,need-c220d68f94ecaa6a60f6da32
water-OKKJLVBELUTLKV-UHFFFAOYSA-N,need-c220d68f94ecaa6a60f6da32
water-PHTQWCKDNZKARW-UHFFFAOYSA-N,need-c220d68f94ecaa6a60f6da32
water-POAOYUHQDCAZBD-UHFFFAOYSA-N,need-c220d68f94ecaa6a60f6da32
water-RTZKZFJDLAIYFH-UHFFFAOYSA-N,need-c220d68f94ecaa6a60f6da32
water-RWGFKTVRMDUZSP-UHFFFAOYSA-N,need-c220d68f94ecaa6a60f6da32
water-RYHBNJHYFVUHQT-UHFFFAOYSA-N,need-c220d68f94ecaa6a60f6da32
water-SHOJXDKTYKFBRD-UHFFFAOYSA-N,need-c220d68f94ecaa6a60f6da32
water-SWXVUIWOUIDPGS-UHFFFAOYSA-N,need-c220d68f94ecaa6a60f6da32
water-WVDDGKGOMKODPV-UHFFFAOYSA-N,need-c220d68f94ecaa6a60f6da32
water-WYURNTSHIVDZCO-UHFFFAOYSA-N,need-c220d68f94ecaa6a60f6da32
water-XEKOWRVHYACXOJ-UHFFFAOYSA-N,need-c220d68f94ecaa6a60f6da32
water-ZAFNJMIOTHYJRJ-UHFFFAOYSA-N,need-c220d68f94ecaa6a60f6da32
water-ZSIAUFGUXNUGDI-UHFFFAOYSA-N,need-c220d68f94ecaa6a60f6da32
water-ZWEHNKRNPOVVGH-UHFFFAOYSA-N,need-c220d68f94ecaa6a60f6da32
water-ZXEKIIBDNHEJCQ-UHFFFAOYSA-N,need-c220d68f94ecaa6a60f6da32
water-SHOJXDKTYKFBRD-UHFFFAOYSA-N,need-c22e7e35016851f90239cfe1
water-RWGFKTVRMDUZSP-UHFFFAOYSA-N,need-c261a924b306748303c50af2
water-AMIMRNSIRUDHCM-UHFFFAOYSA-N,need-c2beba71c11f74c309da882d
water-ZSIAUFGUXNUGDI-UHFFFAOYSA-N,need-c2daac73c8e7f9e2ce555bfb
water-MLFHJEHSLIIPHL-UHFFFAOYSA-N,need-c5c9d4401856b3001135de20
water-JHIVVAPYMSGYDF-UHFFFAOYSA-N,need-c5f356b307be619515da6a80
water-CSCPPACGZOOCGX-UHFFFAOYSA-N,need-c647100372ecd10f07fd01bb
water-ZAFNJMIOTHYJRJ-UHFFFAOYSA-N,need-c6c345e6f8cf376599260e69
water-LRHPLDYGYMQRHN-UHFFFAOYSA-N,need-c6c42ffe88f07b0c27e58e42
water-ZXEKIIBDNHEJCQ-UHFFFAOYSA-N,need-c7b3532c1c2ea5c9ef518632
water-RWGFKTVRMDUZSP-UHFFFAOYSA-N,need-c868621576846a000e44f900
water-LRHPLDYGYMQRHN-UHFFFAOYSA-N,need-c8f43d7ea01acc00d859d5a6
water-ZXEKIIBDNHEJCQ-UHFFFAOYSA-N,need-c91159b54eda709a0c61880e
water-DKPFZGUDAPQIHT-UHFFFAOYSA-N,need-c95a4db3652a3235df6b19a1
water-RYHBNJHYFVUHQT-UHFFFAOYSA-N,need-c989e2d466ade5ecc0a9849e
water-XEKOWRVHYACXOJ-UHFFFAOYSA-N,need-ca07b4db19ddbca211c89197
water-PHTQWCKDNZKARW-UHFFFAOYSA-N,need-cb466e2ce44ad258b73b9928
water-RTZKZFJDLAIYFH-UHFFFAOYSA-N,need-cb867c1a4c84987bbf69169b
water-NKDDWNXOKDWJAK-UHFFFAOYSA-N,need-cb8b85303922d45148447160
water-LFQSCWFLJHTTHZ-UHFFFAOYSA-N,need-cbc7eac40d8b92c55ad3b00b
