cas_number,catalog_sources,commercial_availability_verified,formula,inchi_key,model_rejections,models,molecular_weight_g_mol,molecule_group,name,pair_id,parameter_sha256,preparable_without_new_synthesis,pure_boiling_temperature_k,pure_melting_temperature_k,safety_review_status,smiles
78-84-2,"[""ChemSep NRTL""]",False,C4H8O,AMIMRNSIRUDHCM-UHFFFAOYSA-N,{},"{""chemsep_nrtl"": {""alpha_cs"": [[0.0, 0.2862], [0.2862, 0.0]], ""component_order"": [""7732-18-5"", ""78-84-2""], ""fit_temperature_range_k"": null, ""independent_validation"": false, ""source"": ""thermo.IPDB:ChemSep NRTL"", ""table_metadata"": {""P dependent"": false, ""T dependent"": true, ""components"": 2, ""missing"": {""alphaij"": 0.3, ""bij"": 0}, ""necessary keys"": [""bij"", ""alphaij""], ""source"": ""ChemSep"", ""symmetric"": false, ""type"": ""NRTL original T""}, ""tau_bs_k"": [[0.0, 548.5224758654324], [587.1733088968255, 0.0]], ""temperature_expression"": ""tau_ij = bij / T""}, ""unifac_dortmund"": {""fit_temperature_range_k"": null, ""groups"": [{""16"": 1}, {""1"": 2, ""3"": 1, ""20"": 1}], ""independent_validation"": false, ""interaction_sha256"": ""7541de8648bb204a2a184087b6fdbcd7df5acada47829704561185c8fc770d73"", ""missing_interactions"": [], ""parameter_set"": ""DOUFIP2016"", ""subgroups_sha256"": ""afaa5322207060c5fe468dab340a150071a68ed5131ce31b1854910ebab8e5d2""}}",72.107,AMIMRNSIRUDHCM,isobutyraldehyde,water-AMIMRNSIRUDHCM-UHFFFAOYSA-N,7ceaf2158c88f7ae2c30e7895f4e3c1d434538abf29491743695d6a706386322,known_identity_not_procurement_verified,337.25,208.15,not_reviewed,CC(C)C=O
67-64-1,"[""ChemSep NRTL""]",False,C3H6O,CSCPPACGZOOCGX-UHFFFAOYSA-N,{},"{""chemsep_nrtl"": {""alpha_cs"": [[0.0, 0.5663], [0.5663, 0.0]], ""component_order"": [""7732-18-5"", ""67-64-1""], ""fit_temperature_range_k"": null, ""independent_validation"": false, ""source"": ""thermo.IPDB:ChemSep NRTL"", ""table_metadata"": {""P dependent"": false, ""T dependent"": true, ""components"": 2, ""missing"": {""alphaij"": 0.3, ""bij"": 0}, ""necessary keys"": [""bij"", ""alphaij""], ""source"": ""ChemSep"", ""symmetric"": false, ""type"": ""NRTL original T""}, ""tau_bs_k"": [[0.0, 666.7541568707342], [409.6929122710524, 0.0]], ""temperature_expression"": ""tau_ij = bij / T""}, ""unifac_dortmund"": {""fit_temperature_range_k"": null, ""groups"": [{""16"": 1}, {""1"": 1, ""18"": 1}], ""independent_validation"": false, ""interaction_sha256"": ""2343100affea425dc9863f94555d58faecc3825c422390307d7ca8a96313890f"", ""missing_interactions"": [], ""parameter_set"": ""DOUFIP2016"", ""subgroups_sha256"": ""a19a50e36242e7045fe92d6d4622ea2e52bf1a59491e53610e8e3840dec7993c""}}",58.08,CSCPPACGZOOCGX,acetone,water-CSCPPACGZOOCGX-UHFFFAOYSA-N,123280bdfd6ba9074714726aa0c01f339b400a2e47cf303d79163ee491da8fec,known_identity_not_procurement_verified,329.224922705,178.35,not_reviewed,CC(C)=O
123-86-4,"[""ChemSep NRTL""]",False,C6H12O2,DKPFZGUDAPQIHT-UHFFFAOYSA-N,{},"{""chemsep_nrtl"": {""alpha_cs"": [[0.0, 0.2951], [0.2951, 0.0]], ""component_order"": [""7732-18-5"", ""123-86-4""], ""fit_temperature_range_k"": null, ""independent_validation"": false, ""source"": ""thermo.IPDB:ChemSep NRTL"", ""table_metadata"": {""P dependent"": false, ""T dependent"": true, ""components"": 2, ""missing"": {""alphaij"": 0.3, ""bij"": 0}, ""necessary keys"": [""bij"", ""alphaij""], ""source"": ""ChemSep"", ""symmetric"": false, ""type"": ""NRTL original T""}, ""tau_bs_k"": [[0.0, 1914.7522371970313], [462.07726055702034, 0.0]], ""temperature_expression"": ""tau_ij = bij / T""}, ""unifac_dortmund"": {""fit_temperature_range_k"": null, ""groups"": [{""16"": 1}, {""1"": 1, ""2"": 3, ""21"": 1}], ""independent_validation"": false, ""interaction_sha256"": ""1202f09f758b032e42d237d935452523ae3c14e2cecbbb151a95ba302233d7ae"", ""missing_interactions"": [], ""parameter_set"": ""DOUFIP2016"", ""subgroups_sha256"": ""acc787e762c655110d9a70cb2f032ed30b2638a7a09ad8b61f88064b452dad9c""}}",116.15999999999998,DKPFZGUDAPQIHT,butyl acetate,water-DKPFZGUDAPQIHT-UHFFFAOYSA-N,5962e55f867f3d8263d106341253bcdcf40f3eeb50f3e738d89da00e61528c8a,known_identity_not_procurement_verified,399.15,195.15,not_reviewed,CCCCOC(C)=O
98-01-1,"[""ChemSep NRTL""]",False,C5H4O2,HYBBIBNJHNGZAN-UHFFFAOYSA-N,{},"{""chemsep_nrtl"": {""alpha_cs"": [[0.0, 0.395], [0.395, 0.0]], ""component_order"": [""7732-18-5"", ""98-01-1""], ""fit_temperature_range_k"": null, ""independent_validation"": false, ""source"": ""thermo.IPDB:ChemSep NRTL"", ""table_metadata"": {""P dependent"": false, ""T dependent"": true, ""components"": 2, ""missing"": {""alphaij"": 0.3, ""bij"": 0}, ""necessary keys"": [""bij"", ""alphaij""], ""source"": ""ChemSep"", ""symmetric"": false, ""type"": ""NRTL original T""}, ""tau_bs_k"": [[0.0, 1309.6979782944409], [219.8911350456088, 0.0]], ""temperature_expression"": ""tau_ij = bij / T""}, ""unifac_dortmund"": {""fit_temperature_range_k"": null, ""groups"": [{""16"": 1}, {""61"": 1}], ""independent_validation"": false, ""interaction_sha256"": ""830ff8f3eab780a5e6c049d6a43d5d947ece316f4ca6c179129706432a8fa9c9"", ""missing_interactions"": [], ""parameter_set"": ""DOUFIP2016"", ""subgroups_sha256"": ""e0d406cd6b6c942110b9d2986f98e760a5a87efb44645caaabef32183dda1832""}}",96.08499999999998,HYBBIBNJHNGZAN,2-furaldehyde,water-HYBBIBNJHNGZAN-UHFFFAOYSA-N,a6f0c4dc4f724e6d9936c814e20ed6e0fd65821c0460eb133da28163bcd7f553,known_identity_not_procurement_verified,434.65,235.9,not_reviewed,O=Cc1ccco1
108-94-1,"[""ChemSep NRTL""]",False,C6H10O,JHIVVAPYMSGYDF-UHFFFAOYSA-N,{},"{""chemsep_nrtl"": {""alpha_cs"": [[0.0, 0.2673], [0.2673, 0.0]], ""component_order"": [""7732-18-5"", ""108-94-1""], ""fit_temperature_range_k"": null, ""independent_validation"": false, ""source"": ""thermo.IPDB:ChemSep NRTL"", ""table_metadata"": {""P dependent"": false, ""T dependent"": true, ""components"": 2, ""missing"": {""alphaij"": 0.3, ""bij"": 0}, ""necessary keys"": [""bij"", ""alphaij""], ""source"": ""ChemSep"", ""symmetric"": false, ""type"": ""NRTL original T""}, ""tau_bs_k"": [[0.0, 1501.5563131093872], [-86.38568443759912, 0.0]], ""temperature_expression"": ""tau_ij = bij / T""}, ""unifac_dortmund"": {""fit_temperature_range_k"": null, ""groups"": [{""16"": 1}, {""19"": 1, ""78"": 4}], ""independent_validation"": false, ""interaction_sha256"": ""2bd405b64743a90828f158e89c626c22369e7f9fd81418280c7dd0be3862ea79"", ""missing_interactions"": [], ""parameter_set"": ""DOUFIP2016"", ""subgroups_sha256"": ""665a1eacc15be2ba0ad437755ee1495a60bb7207c61f68ea44a4cb6a0161c737""}}",98.145,JHIVVAPYMSGYDF,cyclohexanone,water-JHIVVAPYMSGYDF-UHFFFAOYSA-N,275c3d73e049571ff40a3edadd11d4a4749391e001ea95c3b76de82189aafc28,known_identity_not_procurement_verified,428.55,243.125,not_reviewed,O=C1CCCCC1
64-17-5,"[""ChemSep NRTL""]",False,C2H6O,LFQSCWFLJHTTHZ-UHFFFAOYSA-N,{},"{""chemsep_nrtl"": {""alpha_cs"": [[0.0, 0.2937], [0.2937, 0.0]], ""component_order"": [""7732-18-5"", ""64-17-5""], ""fit_temperature_range_k"": null, ""independent_validation"": false, ""source"": ""thermo.IPDB:ChemSep NRTL"", ""table_metadata"": {""P dependent"": false, ""T dependent"": true, ""components"": 2, ""missing"": {""alphaij"": 0.3, ""bij"": 0}, ""necessary keys"": [""bij"", ""alphaij""], ""source"": ""ChemSep"", ""symmetric"": false, ""type"": ""NRTL original T""}, ""tau_bs_k"": [[0.0, 624.8676222389441], [-29.166654483541816, 0.0]], ""temperature_expression"": ""tau_ij = bij / T""}, ""unifac_dortmund"": {""fit_temperature_range_k"": null, ""groups"": [{""16"": 1}, {""1"": 1, ""2"": 1, ""14"": 1}], ""independent_validation"": false, ""interaction_sha256"": ""0eb3af752334868ca0ff7672967b68b4fc280af869645c0394682607d588eb24"", ""missing_interactions"": [], ""parameter_set"": ""DOUFIP2016"", ""subgroups_sha256"": ""e977465023f2afe74362158870186331c98db91c98c5ba8de151e7730c6ef1d0""}}",46.069,LFQSCWFLJHTTHZ,ethanol,water-LFQSCWFLJHTTHZ-UHFFFAOYSA-N,d00a1e2cbb0e9258918a4b4af9635a53ee6478e4cb279b16a7dca3e26d677887,known_identity_not_procurement_verified,351.570441659,159.05,not_reviewed,CCO
71-36-3,"[""ChemSep NRTL""]",False,C4H10O,LRHPLDYGYMQRHN-UHFFFAOYSA-N,{},"{""chemsep_nrtl"": {""alpha_cs"": [[0.0, 0.4447], [0.4447, 0.0]], ""component_order"": [""7732-18-5"", ""71-36-3""], ""fit_temperature_range_k"": null, ""independent_validation"": false, ""source"": ""thermo.IPDB:ChemSep NRTL"", ""table_metadata"": {""P dependent"": false, ""T dependent"": true, ""components"": 2, ""missing"": {""alphaij"": 0.3, ""bij"": 0}, ""necessary keys"": [""bij"", ""alphaij""], ""source"": ""ChemSep"", ""symmetric"": false, ""type"": ""NRTL original T""}, ""tau_bs_k"": [[0.0, 1325.3268195999854], [253.64181754760426, 0.0]], ""temperature_expression"": ""tau_ij = bij / T""}, ""unifac_dortmund"": {""fit_temperature_range_k"": null, ""groups"": [{""16"": 1}, {""1"": 1, ""2"": 3, ""14"": 1}], ""independent_validation"": false, ""interaction_sha256"": ""0eb3af752334868ca0ff7672967b68b4fc280af869645c0394682607d588eb24"", ""missing_interactions"": [], ""parameter_set"": ""DOUFIP2016"", ""subgroups_sha256"": ""e977465023f2afe74362158870186331c98db91c98c5ba8de151e7730c6ef1d0""}}",74.12299999999999,LRHPLDYGYMQRHN,1-butanol,water-LRHPLDYGYMQRHN-UHFFFAOYSA-N,8bb8c0479ffce6f05918f8f2085545a7fd8585df6ff448cc9e701eec0f62b32d,known_identity_not_procurement_verified,390.75,183.35,not_reviewed,CCCCO
123-92-2,"[""ChemSep NRTL""]",False,C7H14O2,MLFHJEHSLIIPHL-UHFFFAOYSA-N,{},"{""chemsep_nrtl"": {""alpha_cs"": [[0.0, 0.3734], [0.3734, 0.0]], ""component_order"": [""7732-18-5"", ""123-92-2""], ""fit_temperature_range_k"": null, ""independent_validation"": false, ""source"": ""thermo.IPDB:ChemSep NRTL"", ""table_metadata"": {""P dependent"": false, ""T dependent"": true, ""components"": 2, ""missing"": {""alphaij"": 0.3, ""bij"": 0}, ""necessary keys"": [""bij"", ""alphaij""], ""source"": ""ChemSep"", ""symmetric"": false, ""type"": ""NRTL original T""}, ""tau_bs_k"": [[0.0, 943.4846427323755], [431.2372501587351, 0.0]], ""temperature_expression"": ""tau_ij = bij / T""}, ""unifac_dortmund"": {""fit_temperature_range_k"": null, ""groups"": [{""16"": 1}, {""1"": 2, ""2"": 2, ""3"": 1, ""21"": 1}], ""independent_validation"": false, ""interaction_sha256"": ""1202f09f758b032e42d237d935452523ae3c14e2cecbbb151a95ba302233d7ae"", ""missing_interactions"": [], ""parameter_set"": ""DOUFIP2016"", ""subgroups_sha256"": ""c27d9952cfba86da7b3d06d4bb3809774f692bf006e5dd8f490473f1ec4f1238""}}",130.18699999999998,MLFHJEHSLIIPHL,isoamyl acetate,water-MLFHJEHSLIIPHL-UHFFFAOYSA-N,a9ef3a14d326301004192c3e4d027263d10af56737b78fcd6900fe1fa02193c5,known_identity_not_procurement_verified,414.75,194.9,not_reviewed,CC(=O)OCCC(C)C
75-85-4,"[""ChemSep NRTL""]",False,C5H12O,MSXVEPNJUHWQHW-UHFFFAOYSA-N,{},"{""chemsep_nrtl"": {""alpha_cs"": [[0.0, 0.0056], [0.0056, 0.0]], ""component_order"": [""7732-18-5"", ""75-85-4""], ""fit_temperature_range_k"": null, ""independent_validation"": false, ""source"": ""thermo.IPDB:ChemSep NRTL"", ""table_metadata"": {""P dependent"": false, ""T dependent"": true, ""components"": 2, ""missing"": {""alphaij"": 0.3, ""bij"": 0}, ""necessary keys"": [""bij"", ""alphaij""], ""source"": ""ChemSep"", ""symmetric"": false, ""type"": ""NRTL original T""}, ""tau_bs_k"": [[0.0, 10037.837486139], [-8006.452397038499, 0.0]], ""temperature_expression"": ""tau_ij = bij / T""}, ""unifac_dortmund"": {""fit_temperature_range_k"": null, ""groups"": [{""16"": 1}, {""1"": 3, ""2"": 1, ""4"": 1, ""82"": 1}], ""independent_validation"": false, ""interaction_sha256"": ""0eb3af752334868ca0ff7672967b68b4fc280af869645c0394682607d588eb24"", ""missing_interactions"": [], ""parameter_set"": ""DOUFIP2016"", ""subgroups_sha256"": ""4127545b31154017ad068f7ba9dc5194a1001f6ff565ed2d27269213d4f50df8""}}",88.14999999999998,MSXVEPNJUHWQHW,2-methyl-2-butanol,water-MSXVEPNJUHWQHW-UHFFFAOYSA-N,289b11cc696ba7a4f298ef239468750e87d27a947b0cfc802469afc5484b1d26,known_identity_not_procurement_verified,375.55,264.05,not_reviewed,CCC(C)(C)O
111-46-6,"[""ChemSep NRTL""]",False,C4H10O3,MTHSVFCYNBDYFN-UHFFFAOYSA-N,{},"{""chemsep_nrtl"": {""alpha_cs"": [[0.0, 0.2974], [0.2974, 0.0]], ""component_order"": [""7732-18-5"", ""111-46-6""], ""fit_temperature_range_k"": null, ""independent_validation"": false, ""source"": ""thermo.IPDB:ChemSep NRTL"", ""table_metadata"": {""P dependent"": false, ""T dependent"": true, ""components"": 2, ""missing"": {""alphaij"": 0.3, ""bij"": 0}, ""necessary keys"": [""bij"", ""alphaij""], ""source"": ""ChemSep"", ""symmetric"": false, ""type"": ""NRTL original T""}, ""tau_bs_k"": [[0.0, 597.1859182768037], [-50.27163139652671, 0.0]], ""temperature_expression"": ""tau_ij = bij / T""}, ""unifac_dortmund"": {""fit_temperature_range_k"": null, ""groups"": [{""16"": 1}, {""2"": 3, ""14"": 2, ""25"": 1}], ""independent_validation"": false, ""interaction_sha256"": ""ca654edee9b09e4683b4dde15e9f94b2608139ec5b1f15cb7e50e754af3d7779"", ""missing_interactions"": [], ""parameter_set"": ""DOUFIP2016"", ""subgroups_sha256"": ""df4bda3b074c18264c3ba8aa11c8476db2eccce1054a53d9ef7010eca6ba9b2b""}}",106.12099999999998,MTHSVFCYNBDYFN,diethylene glycol,water-MTHSVFCYNBDYFN-UHFFFAOYSA-N,adb91494599a6e57a43c1b3dfa37cc300541e556b29d6732f004c40e7b81876b,known_identity_not_procurement_verified,518.65,262.95,not_reviewed,OCCOCCO
109-87-5,"[""ChemSep NRTL""]",False,C3H8O2,NKDDWNXOKDWJAK-UHFFFAOYSA-N,{},"{""chemsep_nrtl"": {""alpha_cs"": [[0.0, 0.4898], [0.4898, 0.0]], ""component_order"": [""7732-18-5"", ""109-87-5""], ""fit_temperature_range_k"": null, ""independent_validation"": false, ""source"": ""thermo.IPDB:ChemSep NRTL"", ""table_metadata"": {""P dependent"": false, ""T dependent"": true, ""components"": 2, ""missing"": {""alphaij"": 0.3, ""bij"": 0}, ""necessary keys"": [""bij"", ""alphaij""], ""source"": ""ChemSep"", ""symmetric"": false, ""type"": ""NRTL original T""}, ""tau_bs_k"": [[0.0, 915.0014106972783], [809.2122352333603, 0.0]], ""temperature_expression"": ""tau_ij = bij / T""}, ""unifac_dortmund"": {""fit_temperature_range_k"": null, ""groups"": [{""16"": 1}, {""2"": 1, ""24"": 2}], ""independent_validation"": false, ""interaction_sha256"": ""9da85716c15d4f39b8d8989924ead37cd1a5700dc5b4288158054f1e1ea30bac"", ""missing_interactions"": [], ""parameter_set"": ""DOUFIP2016"", ""subgroups_sha256"": ""24b0efd5264908bfa1529ef1747730b000f73d5bed641876285de20cb2628d32""}}",76.095,NKDDWNXOKDWJAK,dimethoxymethane,water-NKDDWNXOKDWJAK-UHFFFAOYSA-N,8356c52d09f9360624d8ca3877f538f095104bc36410bae47080aa1d7c1078df,known_identity_not_procurement_verified,315.45,168.15,not_reviewed,COCOC
67-56-1,"[""ChemSep NRTL""]",False,CH4O,OKKJLVBELUTLKV-UHFFFAOYSA-N,{},"{""chemsep_nrtl"": {""alpha_cs"": [[0.0, 0.2999], [0.2999, 0.0]], ""component_order"": [""7732-18-5"", ""67-56-1""], ""fit_temperature_range_k"": null, ""independent_validation"": false, ""source"": ""thermo.IPDB:ChemSep NRTL"", ""table_metadata"": {""P dependent"": false, ""T dependent"": true, ""components"": 2, ""missing"": {""alphaij"": 0.3, ""bij"": 0}, ""necessary keys"": [""bij"", ""alphaij""], ""source"": ""ChemSep"", ""symmetric"": false, ""type"": ""NRTL original T""}, ""tau_bs_k"": [[0.0, 398.95345259688855], [-95.13209282738782, 0.0]], ""temperature_expression"": ""tau_ij = bij / T""}, ""unifac_dortmund"": {""fit_temperature_range_k"": null, ""groups"": [{""16"": 1}, {""15"": 1}], ""independent_validation"": false, ""interaction_sha256"": ""e263dd0bca125dbeb2d30984e445bd238f8fa8d4634ca7e104c9e58b1aced8a9"", ""missing_interactions"": [], ""parameter_set"": ""DOUFIP2016"", ""subgroups_sha256"": ""d6f6c047e8c851b31c29f0758f0258cbf77f11c1a3417376854ce1d8a88c1ae4""}}",32.042,OKKJLVBELUTLKV,methanol,water-OKKJLVBELUTLKV-UHFFFAOYSA-N,46f2d652f877a265e33981328299bccf60f381532d691ffabec42cacdf57c55c,known_identity_not_procurement_verified,337.632383296,175.15,not_reviewed,CO
123-51-3,"[""ChemSep NRTL""]",False,C5H12O,PHTQWCKDNZKARW-UHFFFAOYSA-N,{},"{""chemsep_nrtl"": {""alpha_cs"": [[0.0, 0.2816], [0.2816, 0.0]], ""component_order"": [""7732-18-5"", ""123-51-3""], ""fit_temperature_range_k"": null, ""independent_validation"": false, ""source"": ""thermo.IPDB:ChemSep NRTL"", ""table_metadata"": {""P dependent"": false, ""T dependent"": true, ""components"": 2, ""missing"": {""alphaij"": 0.3, ""bij"": 0}, ""necessary keys"": [""bij"", ""alphaij""], ""source"": ""ChemSep"", ""symmetric"": false, ""type"": ""NRTL original T""}, ""tau_bs_k"": [[0.0, 1828.464781212371], [-249.01260041504244, 0.0]], ""temperature_expression"": ""tau_ij = bij / T""}, ""unifac_dortmund"": {""fit_temperature_range_k"": null, ""groups"": [{""16"": 1}, {""1"": 2, ""2"": 2, ""3"": 1, ""14"": 1}], ""independent_validation"": false, ""interaction_sha256"": ""0eb3af752334868ca0ff7672967b68b4fc280af869645c0394682607d588eb24"", ""missing_interactions"": [], ""parameter_set"": ""DOUFIP2016"", ""subgroups_sha256"": ""13155e71d22967c4e604fd5d5550b99add3b22d07dd903524d71b8586d17cdd3""}}",88.14999999999999,PHTQWCKDNZKARW,3-methyl-1-butanol,water-PHTQWCKDNZKARW-UHFFFAOYSA-N,97f78bd006187ed5210fbc07a9cd69bbfca16f48b8b58c7742010063c0c11e82,known_identity_not_procurement_verified,403.95,156.15,not_reviewed,CC(C)CCO
111-76-2,"[""ChemSep NRTL""]",False,C6H14O2,POAOYUHQDCAZBD-UHFFFAOYSA-N,{},"{""chemsep_nrtl"": {""alpha_cs"": [[0.0, 0.4776], [0.4776, 0.0]], ""component_order"": [""7732-18-5"", ""111-76-2""], ""fit_temperature_range_k"": null, ""independent_validation"": false, ""source"": ""thermo.IPDB:ChemSep NRTL"", ""table_metadata"": {""P dependent"": false, ""T dependent"": true, ""components"": 2, ""missing"": {""alphaij"": 0.3, ""bij"": 0}, ""necessary keys"": [""bij"", ""alphaij""], ""source"": ""ChemSep"", ""symmetric"": false, ""type"": ""NRTL original T""}, ""tau_bs_k"": [[0.0, 963.1660619070458], [110.72148172150614, 0.0]], ""temperature_expression"": ""tau_ij = bij / T""}, ""unifac_dortmund"": {""fit_temperature_range_k"": null, ""groups"": [{""16"": 1}, {""1"": 1, ""2"": 4, ""14"": 1, ""25"": 1}], ""independent_validation"": false, ""interaction_sha256"": ""ca654edee9b09e4683b4dde15e9f94b2608139ec5b1f15cb7e50e754af3d7779"", ""missing_interactions"": [], ""parameter_set"": ""DOUFIP2016"", ""subgroups_sha256"": ""597256fbcec2072b89b495f148c132c5428b7e9df0d886de56127afb30a36384""}}",118.17599999999999,POAOYUHQDCAZBD,2-butoxyethanol,water-POAOYUHQDCAZBD-UHFFFAOYSA-N,a9ace579c94a4372d83348fea9fc7481e628809cd60d3bb4f1ffbdedd3f8ce0b,known_identity_not_procurement_verified,444.15,198.15,not_reviewed,CCCCOCCO
60-29-7,"[""ChemSep NRTL""]",False,C4H10O,RTZKZFJDLAIYFH-UHFFFAOYSA-N,{},"{""chemsep_nrtl"": {""alpha_cs"": [[0.0, 0.3792], [0.3792, 0.0]], ""component_order"": [""7732-18-5"", ""60-29-7""], ""fit_temperature_range_k"": null, ""independent_validation"": false, ""source"": ""thermo.IPDB:ChemSep NRTL"", ""table_metadata"": {""P dependent"": false, ""T dependent"": true, ""components"": 2, ""missing"": {""alphaij"": 0.3, ""bij"": 0}, ""necessary keys"": [""bij"", ""alphaij""], ""source"": ""ChemSep"", ""symmetric"": false, ""type"": ""NRTL original T""}, ""tau_bs_k"": [[0.0, 1049.9562845276246], [776.9835905323853, 0.0]], ""temperature_expression"": ""tau_ij = bij / T""}, ""unifac_dortmund"": {""fit_temperature_range_k"": null, ""groups"": [{""16"": 1}, {""1"": 2, ""2"": 1, ""25"": 1}], ""independent_validation"": false, ""interaction_sha256"": ""9da85716c15d4f39b8d8989924ead37cd1a5700dc5b4288158054f1e1ea30bac"", ""missing_interactions"": [], ""parameter_set"": ""DOUFIP2016"", ""subgroups_sha256"": ""61383fdd04e9e48701b02f4c29c736aa14cc95ad46967e4d4dd3462ba4e95a8d""}}",74.123,RTZKZFJDLAIYFH,diethyl ether,water-RTZKZFJDLAIYFH-UHFFFAOYSA-N,8b3850d117801a5390d0f9b5829d6fa9932a8ef84a8c84ccd860440dfceedcd5,known_identity_not_procurement_verified,307.604401817,157.15,not_reviewed,CCOCC
98-82-8,"[""ChemSep NRTL""]",False,C9H12,RWGFKTVRMDUZSP-UHFFFAOYSA-N,{},"{""chemsep_nrtl"": {""alpha_cs"": [[0.0, 0.086], [0.086, 0.0]], ""component_order"": [""7732-18-5"", ""98-82-8""], ""fit_temperature_range_k"": null, ""independent_validation"": false, ""source"": ""thermo.IPDB:ChemSep NRTL"", ""table_metadata"": {""P dependent"": false, ""T dependent"": true, ""components"": 2, ""missing"": {""alphaij"": 0.3, ""bij"": 0}, ""necessary keys"": [""bij"", ""alphaij""], ""source"": ""ChemSep"", ""symmetric"": false, ""type"": ""NRTL original T""}, ""tau_bs_k"": [[0.0, 1502.6719508151539], [-42.69742258807003, 0.0]], ""temperature_expression"": ""tau_ij = bij / T""}, ""unifac_dortmund"": {""fit_temperature_range_k"": null, ""groups"": [{""16"": 1}, {""1"": 2, ""9"": 5, ""13"": 1}], ""independent_validation"": false, ""interaction_sha256"": ""caec53f2b4b91176a8b3b9d386657d37e1c0019360695ef12236557a728da6ad"", ""missing_interactions"": [], ""parameter_set"": ""DOUFIP2016"", ""subgroups_sha256"": ""a93d618e38cdd5bf1287aeb5648d01e13370035473eda1b54bb057b0bfd446aa""}}",120.19499999999995,RWGFKTVRMDUZSP,cumene,water-RWGFKTVRMDUZSP-UHFFFAOYSA-N,71df74380524adb56ed1212c8a66f6bffecac7a8e49195b284c17b9d5fe415eb,known_identity_not_procurement_verified,425.55,177.15,not_reviewed,CC(C)c1ccccc1
123-91-1,"[""ChemSep NRTL""]",False,C4H8O2,RYHBNJHYFVUHQT-UHFFFAOYSA-N,{},"{""chemsep_nrtl"": {""alpha_cs"": [[0.0, 0.292], [0.292, 0.0]], ""component_order"": [""7732-18-5"", ""123-91-1""], ""fit_temperature_range_k"": null, ""independent_validation"": false, ""source"": ""thermo.IPDB:ChemSep NRTL"", ""table_metadata"": {""P dependent"": false, ""T dependent"": true, ""components"": 2, ""missing"": {""alphaij"": 0.3, ""bij"": 0}, ""necessary keys"": [""bij"", ""alphaij""], ""source"": ""ChemSep"", ""symmetric"": false, ""type"": ""NRTL original T""}, ""tau_bs_k"": [[0.0, 360.28465462814955], [276.21544066910525, 0.0]], ""temperature_expression"": ""tau_ij = bij / T""}, ""unifac_dortmund"": {""fit_temperature_range_k"": null, ""groups"": [{""16"": 1}, {""27"": 2}], ""independent_validation"": false, ""interaction_sha256"": ""bfd1f1f4bfcd9b8a8092eb50d4d867df7abcca0a9c861b5538fbdeb75ba7a7d4"", ""missing_interactions"": [], ""parameter_set"": ""DOUFIP2016"", ""subgroups_sha256"": ""910c1108c028a28040a200190aa7f0fd578805e39d5e4f72ee53949237fbdd19""}}",88.106,RYHBNJHYFVUHQT,"1,4-dioxane",water-RYHBNJHYFVUHQT-UHFFFAOYSA-N,38c0cdd278dd23d61d34833ebef5d2c4c5c97d515a9e75f8c5bc06f7df1533f2,known_identity_not_procurement_verified,374.35,284.95,not_reviewed,C1COCCO1
141-79-7,"[""ChemSep NRTL""]",False,C6H10O,SHOJXDKTYKFBRD-UHFFFAOYSA-N,{},"{""chemsep_nrtl"": {""alpha_cs"": [[0.0, 0.1504], [0.1504, 0.0]], ""component_order"": [""7732-18-5"", ""141-79-7""], ""fit_temperature_range_k"": null, ""independent_validation"": false, ""source"": ""thermo.IPDB:ChemSep NRTL"", ""table_metadata"": {""P dependent"": false, ""T dependent"": true, ""components"": 2, ""missing"": {""alphaij"": 0.3, ""bij"": 0}, ""necessary keys"": [""bij"", ""alphaij""], ""source"": ""ChemSep"", ""symmetric"": false, ""type"": ""NRTL original T""}, ""tau_bs_k"": [[0.0, 1067.5788816248912], [50.979560636252764, 0.0]], ""temperature_expression"": ""tau_ij = bij / T""}, ""unifac_dortmund"": {""fit_temperature_range_k"": null, ""groups"": [{""16"": 1}, {""1"": 2, ""8"": 1, ""18"": 1}], ""independent_validation"": false, ""interaction_sha256"": ""b42d5ae440597b9aef0287c2822b3ddc2a692b06075b9b654951fa22407df3c6"", ""missing_interactions"": [], ""parameter_set"": ""DOUFIP2016"", ""subgroups_sha256"": ""919c46a167a600821e04d3efc3e41c9b7bade558784c4f012178f317e882cfb0""}}",98.145,SHOJXDKTYKFBRD,mesityl oxide,water-SHOJXDKTYKFBRD-UHFFFAOYSA-N,a05695ef1075ebfed90cf25a235b5bf11672b6eb828778d4fd093cf64509057a,known_identity_not_procurement_verified,402.85,214.15,not_reviewed,CC(=O)C=C(C)C
123-42-2,"[""ChemSep NRTL""]",False,C6H12O2,SWXVUIWOUIDPGS-UHFFFAOYSA-N,{},"{""chemsep_nrtl"": {""alpha_cs"": [[0.0, 0.678], [0.678, 0.0]], ""component_order"": [""7732-18-5"", ""123-42-2""], ""fit_temperature_range_k"": null, ""independent_validation"": false, ""source"": ""thermo.IPDB:ChemSep NRTL"", ""table_metadata"": {""P dependent"": false, ""T dependent"": true, ""components"": 2, ""missing"": {""alphaij"": 0.3, ""bij"": 0}, ""necessary keys"": [""bij"", ""alphaij""], ""source"": ""ChemSep"", ""symmetric"": false, ""type"": ""NRTL original T""}, ""tau_bs_k"": [[0.0, 665.8968720734657], [425.714969320073, 0.0]], ""temperature_expression"": ""tau_ij = bij / T""}, ""unifac_dortmund"": {""fit_temperature_range_k"": null, ""groups"": [{""16"": 1}, {""1"": 2, ""2"": 1, ""4"": 1, ""18"": 1, ""82"": 1}], ""independent_validation"": false, ""interaction_sha256"": ""4093b5571326859849d246f52237652a1410c8e91791c18f0c51801f9a36048e"", ""missing_interactions"": [], ""parameter_set"": ""DOUFIP2016"", ""subgroups_sha256"": ""f3bea8a51891e232714aeda1c6e03f81cc073b286cf489aa3d5ae5eb3da51631""}}",116.15999999999998,SWXVUIWOUIDPGS,diacetone alcohol,water-SWXVUIWOUIDPGS-UHFFFAOYSA-N,0cef39879597892b73e107ae11b18e6d0e00fe7928ca7e036eda4c80f7c2cdd0,known_identity_not_procurement_verified,441.05,226.15,not_reviewed,CC(=O)CC(C)(C)O
100-51-6,"[""ChemSep NRTL""]",False,C7H8O,WVDDGKGOMKODPV-UHFFFAOYSA-N,{},"{""chemsep_nrtl"": {""alpha_cs"": [[0.0, 0.3168], [0.3168, 0.0]], ""component_order"": [""7732-18-5"", ""100-51-6""], ""fit_temperature_range_k"": null, ""independent_validation"": false, ""source"": ""thermo.IPDB:ChemSep NRTL"", ""table_metadata"": {""P dependent"": false, ""T dependent"": true, ""components"": 2, ""missing"": {""alphaij"": 0.3, ""bij"": 0}, ""necessary keys"": [""bij"", ""alphaij""], ""source"": ""ChemSep"", ""symmetric"": false, ""type"": ""NRTL original T""}, ""tau_bs_k"": [[0.0, 2360.019549881432], [151.67026675262133, 0.0]], ""temperature_expression"": ""tau_ij = bij / T""}, ""unifac_dortmund"": {""fit_temperature_range_k"": null, ""groups"": [{""16"": 1}, {""9"": 5, ""12"": 1, ""14"": 1}], ""independent_validation"": false, ""interaction_sha256"": ""41a9e4ee9962ec2d7e81fc8cccd67faf54307d4b61c0cd5aa691e2cd181cf61f"", ""missing_interactions"": [], ""parameter_set"": ""DOUFIP2016"", ""subgroups_sha256"": ""6b1e387cf6e9627f34f36d1f31310883e2c27f72903a0c5acf2d6e352adc4b94""}}",108.13999999999997,WVDDGKGOMKODPV,benzyl alcohol,water-WVDDGKGOMKODPV-UHFFFAOYSA-N,877dbda45a55abf1c950e91ea6fa4966a37dd0cfb07d8749b57bf607b0cf9acb,known_identity_not_procurement_verified,478.45,258.15,not_reviewed,OCc1ccccc1
109-99-9,"[""ChemSep NRTL""]",False,C4H8O,WYURNTSHIVDZCO-UHFFFAOYSA-N,{},"{""chemsep_nrtl"": {""alpha_cs"": [[0.0, 0.4522], [0.4522, 0.0]], ""component_order"": [""7732-18-5"", ""109-99-9""], ""fit_temperature_range_k"": null, ""independent_validation"": false, ""source"": ""thermo.IPDB:ChemSep NRTL"", ""table_metadata"": {""P dependent"": false, ""T dependent"": true, ""components"": 2, ""missing"": {""alphaij"": 0.3, ""bij"": 0}, ""necessary keys"": [""bij"", ""alphaij""], ""source"": ""ChemSep"", ""symmetric"": false, ""type"": ""NRTL original T""}, ""tau_bs_k"": [[0.0, 868.1028598337939], [460.8207717038273, 0.0]], ""temperature_expression"": ""tau_ij = bij / T""}, ""unifac_dortmund"": {""fit_temperature_range_k"": null, ""groups"": [{""16"": 1}, {""27"": 1, ""78"": 2}], ""independent_validation"": false, ""interaction_sha256"": ""a54f51c505694d8f76f6c3ff69e8115266ebf951cf434ee34115c51eb4845ae7"", ""missing_interactions"": [], ""parameter_set"": ""DOUFIP2016"", ""subgroups_sha256"": ""3372582f7f68fb46be82cb1851cf7bb390170aa5129d66f42ccf406900e32b84""}}",72.107,WYURNTSHIVDZCO,tetrahydrofuran,water-WYURNTSHIVDZCO-UHFFFAOYSA-N,2b3ea90b8f91d4eb3c9cd034ee78df9d9058a1e87953ff2f2791c49ca3f16d74,known_identity_not_procurement_verified,339.15,165.15,not_reviewed,C1CCOC1
141-78-6,"[""ChemSep NRTL""]",False,C4H8O2,XEKOWRVHYACXOJ-UHFFFAOYSA-N,{},"{""chemsep_nrtl"": {""alpha_cs"": [[0.0, 0.4393], [0.4393, 0.0]], ""component_order"": [""7732-18-5"", ""141-78-6""], ""fit_temperature_range_k"": null, ""independent_validation"": false, ""source"": ""thermo.IPDB:ChemSep NRTL"", ""table_metadata"": {""P dependent"": false, ""T dependent"": true, ""components"": 2, ""missing"": {""alphaij"": 0.3, ""bij"": 0}, ""necessary keys"": [""bij"", ""alphaij""], ""source"": ""ChemSep"", ""symmetric"": false, ""type"": ""NRTL original T""}, ""tau_bs_k"": [[0.0, 808.2118348007648], [647.1342814450109, 0.0]], ""temperature_expression"": ""tau_ij = bij / T""}, ""unifac_dortmund"": {""fit_temperature_range_k"": null, ""groups"": [{""16"": 1}, {""1"": 1, ""2"": 1, ""21"": 1}], ""independent_validation"": false, ""interaction_sha256"": ""1202f09f758b032e42d237d935452523ae3c14e2cecbbb151a95ba302233d7ae"", ""missing_interactions"": [], ""parameter_set"": ""DOUFIP2016"", ""subgroups_sha256"": ""acc787e762c655110d9a70cb2f032ed30b2638a7a09ad8b61f88064b452dad9c""}}",88.106,XEKOWRVHYACXOJ,ethyl acetate,water-XEKOWRVHYACXOJ-UHFFFAOYSA-N,d9085f316865ade1852c0c872617c9beff3b8acac5572074f271c367be3d5329,known_identity_not_procurement_verified,350.25,189.15,not_reviewed,CCOC(C)=O
108-20-3,"[""ChemSep NRTL""]",False,C6H14O,ZAFNJMIOTHYJRJ-UHFFFAOYSA-N,{},"{""chemsep_nrtl"": {""alpha_cs"": [[0.0, 0.5409], [0.5409, 0.0]], ""component_order"": [""7732-18-5"", ""108-20-3""], ""fit_temperature_range_k"": null, ""independent_validation"": false, ""source"": ""thermo.IPDB:ChemSep NRTL"", ""table_metadata"": {""P dependent"": false, ""T dependent"": true, ""components"": 2, ""missing"": {""alphaij"": 0.3, ""bij"": 0}, ""necessary keys"": [""bij"", ""alphaij""], ""source"": ""ChemSep"", ""symmetric"": false, ""type"": ""NRTL original T""}, ""tau_bs_k"": [[0.0, 2114.5660199390127], [1341.1540803675887, 0.0]], ""temperature_expression"": ""tau_ij = bij / T""}, ""unifac_dortmund"": {""fit_temperature_range_k"": null, ""groups"": [{""16"": 1}, {""1"": 4, ""3"": 1, ""26"": 1}], ""independent_validation"": false, ""interaction_sha256"": ""9da85716c15d4f39b8d8989924ead37cd1a5700dc5b4288158054f1e1ea30bac"", ""missing_interactions"": [], ""parameter_set"": ""DOUFIP2016"", ""subgroups_sha256"": ""2b5c0896770b440c44f78feadcb9429abd8c833642f4dd2642d48c9da77527da""}}",102.17699999999999,ZAFNJMIOTHYJRJ,diisopropyl ether,water-ZAFNJMIOTHYJRJ-UHFFFAOYSA-N,6513dd6a61e9a9ed28d44cda574368cbd6cd280803dc3fbad045eb40dff973e9,known_identity_not_procurement_verified,341.55,186.75,not_reviewed,CC(C)OC(C)C
111-27-3,"[""ChemSep NRTL""]",False,C6H14O,ZSIAUFGUXNUGDI-UHFFFAOYSA-N,{},"{""chemsep_nrtl"": {""alpha_cs"": [[0.0, 0.1563], [0.1563, 0.0]], ""component_order"": [""7732-18-5"", ""111-27-3""], ""fit_temperature_range_k"": null, ""independent_validation"": false, ""source"": ""thermo.IPDB:ChemSep NRTL"", ""table_metadata"": {""P dependent"": false, ""T dependent"": true, ""components"": 2, ""missing"": {""alphaij"": 0.3, ""bij"": 0}, ""necessary keys"": [""bij"", ""alphaij""], ""source"": ""ChemSep"", ""symmetric"": false, ""type"": ""NRTL original T""}, ""tau_bs_k"": [[0.0, 1505.222468698739], [-233.89915655570724, 0.0]], ""temperature_expression"": ""tau_ij = bij / T""}, ""unifac_dortmund"": {""fit_temperature_range_k"": null, ""groups"": [{""16"": 1}, {""1"": 1, ""2"": 5, ""14"": 1}], ""independent_validation"": false, ""interaction_sha256"": ""0eb3af752334868ca0ff7672967b68b4fc280af869645c0394682607d588eb24"", ""missing_interactions"": [], ""parameter_set"": ""DOUFIP2016"", ""subgroups_sha256"": ""e977465023f2afe74362158870186331c98db91c98c5ba8de151e7730c6ef1d0""}}",102.17699999999999,ZSIAUFGUXNUGDI,1-hexanol,water-ZSIAUFGUXNUGDI-UHFFFAOYSA-N,43440bde550f897dcdfef4ab0247848da0af7558e0b027646eb579ac71af3826,known_identity_not_procurement_verified,430.05,226.0,not_reviewed,CCCCCCO
78-93-3,"[""ChemSep NRTL""]",False,C4H8O,ZWEHNKRNPOVVGH-UHFFFAOYSA-N,{},"{""chemsep_nrtl"": {""alpha_cs"": [[0.0, 0.3536], [0.3536, 0.0]], ""component_order"": [""7732-18-5"", ""78-93-3""], ""fit_temperature_range_k"": null, ""independent_validation"": false, ""source"": ""thermo.IPDB:ChemSep NRTL"", ""table_metadata"": {""P dependent"": false, ""T dependent"": true, ""components"": 2, ""missing"": {""alphaij"": 0.3, ""bij"": 0}, ""necessary keys"": [""bij"", ""alphaij""], ""source"": ""ChemSep"", ""symmetric"": false, ""type"": ""NRTL original T""}, ""tau_bs_k"": [[0.0, 910.770391181574], [339.4021510709245, 0.0]], ""temperature_expression"": ""tau_ij = bij / T""}, ""unifac_dortmund"": {""fit_temperature_range_k"": null, ""groups"": [{""16"": 1}, {""1"": 1, ""2"": 1, ""18"": 1}], ""independent_validation"": false, ""interaction_sha256"": ""2343100affea425dc9863f94555d58faecc3825c422390307d7ca8a96313890f"", ""missing_interactions"": [], ""parameter_set"": ""DOUFIP2016"", ""subgroups_sha256"": ""58c23f2690e6574913e4256293800fd4ee4a1653d8daff85e8468680b16ffc89""}}",72.107,ZWEHNKRNPOVVGH,2-butanone,water-ZWEHNKRNPOVVGH-UHFFFAOYSA-N,999b10144bed99d850ad051d1940646ddc572d48b230df510922d266a987e8aa,known_identity_not_procurement_verified,352.75,186.35,not_reviewed,CCC(C)=O
78-83-1,"[""ChemSep NRTL""]",False,C4H10O,ZXEKIIBDNHEJCQ-UHFFFAOYSA-N,{},"{""chemsep_nrtl"": {""alpha_cs"": [[0.0, 0.4385], [0.4385, 0.0]], ""component_order"": [""7732-18-5"", ""78-83-1""], ""fit_temperature_range_k"": null, ""independent_validation"": false, ""source"": ""thermo.IPDB:ChemSep NRTL"", ""table_metadata"": {""P dependent"": false, ""T dependent"": true, ""components"": 2, ""missing"": {""alphaij"": 0.3, ""bij"": 0}, ""necessary keys"": [""bij"", ""alphaij""], ""source"": ""ChemSep"", ""symmetric"": false, ""type"": ""NRTL original T""}, ""tau_bs_k"": [[0.0, 1253.5280604238214], [321.96856323043994, 0.0]], ""temperature_expression"": ""tau_ij = bij / T""}, ""unifac_dortmund"": {""fit_temperature_range_k"": null, ""groups"": [{""16"": 1}, {""1"": 2, ""2"": 1, ""3"": 1, ""14"": 1}], ""independent_validation"": false, ""interaction_sha256"": ""0eb3af752334868ca0ff7672967b68b4fc280af869645c0394682607d588eb24"", ""missing_interactions"": [], ""parameter_set"": ""DOUFIP2016"", ""subgroups_sha256"": ""13155e71d22967c4e604fd5d5550b99add3b22d07dd903524d71b8586d17cdd3""}}",74.12299999999999,ZXEKIIBDNHEJCQ,2-methyl-1-propanol,water-ZXEKIIBDNHEJCQ-UHFFFAOYSA-N,5fb30eefbe5c94528fbf5025a6e34c98f9a03f5ed8ac03af8e7d42175a1e79e8,known_identity_not_procurement_verified,380.99,165.15,not_reviewed,CC(C)CO
