additive_mass_fraction,chemsep_nrtl_delta_h_ratio,chemsep_nrtl_inlet_excess_enthalpy_j_mol,chemsep_nrtl_liquid_phase_count,chemsep_nrtl_vapor_mole_fraction,name,outlet_temperature_k,pair_id,pressure_pa,spread_delta_h_ratio,unifac_dortmund_delta_h_ratio,unifac_dortmund_inlet_excess_enthalpy_j_mol,unifac_dortmund_liquid_phase_count,unifac_dortmund_vapor_mole_fraction
0.106666666667,0.949871354060303,156.64339833120914,1,0.0,isobutyraldehyde,350.0,water-AMIMRNSIRUDHCM-UHFFFAOYSA-N,101325.0,0.268166181771196,1.218037535831499,-52.84692177389053,1,0.0311911032351687
0.145333333333,1.0929124646743098,202.10574807397512,1,0.022423354825521654,acetone,350.0,water-CSCPPACGZOOCGX-UHFFFAOYSA-N,101325.0,0.12579408482254817,0.9671183798517616,-130.5794844507359,1,0.0016674531729693111
0.00316227766017,0.9985113607779075,8.38642211855504,1,0.0,butyl acetate,350.0,water-DKPFZGUDAPQIHT-UHFFFAOYSA-N,101325.0,0.0009353716517266353,0.9994467324296341,-1.3912056191793658,1,0.0
0.0293333333333,0.982272820844434,61.40744646581815,1,0.0,2-furaldehyde,350.0,water-HYBBIBNJHNGZAN-UHFFFAOYSA-N,101325.0,0.0023403500283826206,0.9846131708728166,31.061055940472457,1,0.0
0.0293333333333,0.9847381333880509,60.8374322185918,1,0.0,cyclohexanone,350.0,water-JHIVVAPYMSGYDF-UHFFFAOYSA-N,101325.0,0.0017361358742813415,0.9864742692623323,16.893679977622583,1,0.0
0.3,0.8832585909922234,451.63022463523606,1,0.0,ethanol,350.0,water-LFQSCWFLJHTTHZ-UHFFFAOYSA-N,101325.0,0.05504596882209378,0.9383045598143172,-378.7416027392209,1,0.0
0.0196666666666,0.9938524787910477,52.22608980951063,1,0.0,1-butanol,350.0,water-LRHPLDYGYMQRHN-UHFFFAOYSA-N,101325.0,0.0035759580102657784,0.9974284368013134,-8.773306574394361,1,0.0
0.00316227766017,0.9984553437406742,3.840581681706087,1,0.0,isoamyl acetate,350.0,water-MLFHJEHSLIIPHL-UHFFFAOYSA-N,101325.0,0.0009995012899507438,0.999454845030625,-0.9002683275187842,1,0.0
0.0486666666667,0.9891693871838823,-62.07656813828559,1,0.0,2-methyl-2-butanol,350.0,water-MSXVEPNJUHWQHW-UHFFFAOYSA-N,101325.0,0.001903714264822054,0.9910731014487043,-1.8361160338073717,1,0.0
0.3,0.8754250945367869,246.9272573879747,1,0.0,diethylene glycol,350.0,water-MTHSVFCYNBDYFN-UHFFFAOYSA-N,101325.0,0.05942048893846141,0.9348455834752483,-638.6249177873001,1,0.0
0.164666666667,1.3189979429612082,177.77947991765714,1,0.06152842776539295,dimethoxymethane,350.0,water-NKDDWNXOKDWJAK-UHFFFAOYSA-N,101325.0,0.3964559638307982,0.92254197913041,-106.21463681546884,1,0.0
0.3,0.8765005955015994,277.3852599533582,1,0.0,methanol,350.0,water-OKKJLVBELUTLKV-UHFFFAOYSA-N,101325.0,0.07597463829713391,0.9524752337987333,-563.7640317576294,1,0.0
0.01,0.9973380149134536,23.614371129155444,1,0.0,3-methyl-1-butanol,350.0,water-PHTQWCKDNZKARW-UHFFFAOYSA-N,101325.0,0.002137730057751419,0.9994757449712051,-1.634702406987401,1,0.0
0.0293333333333,0.9870544084116808,37.58887089175376,1,0.0,2-butoxyethanol,350.0,water-POAOYUHQDCAZBD-UHFFFAOYSA-N,101325.0,0.00680155563190743,0.9938559640435882,-16.85072355369155,1,0.0
0.0293333333333,1.0329091267023023,59.50993487659991,1,0.006825671021524783,diethyl ether,350.0,water-RTZKZFJDLAIYFH-UHFFFAOYSA-N,101325.0,0.021066057611628164,1.0539751843139304,16.88896433781443,1,0.008513743902698484
0.3,0.8088829221707524,303.64496317473424,1,0.0,"1,4-dioxane",350.0,water-RYHBNJHYFVUHQT-UHFFFAOYSA-N,101325.0,0.006083662293716263,0.8149665844644687,-170.2946571086806,1,0.0
0.0293333333333,0.9856062590546889,50.45620573873078,1,0.0,mesityl oxide,350.0,water-SHOJXDKTYKFBRD-UHFFFAOYSA-N,101325.0,0.006648699420944371,0.9922549584756333,-64.25687684461928,1,0.0
0.145333333333,0.9444183693464541,106.14688170592854,1,0.0,diacetone alcohol,350.0,water-SWXVUIWOUIDPGS-UHFFFAOYSA-N,101325.0,0.022253042290232727,0.9666714116366868,-208.84206555784533,1,0.0
0.00056234132519,0.999755675617257,1.91519985829167,1,0.0,benzyl alcohol,350.0,water-WVDDGKGOMKODPV-UHFFFAOYSA-N,101325.0,3.5920798564181844e-05,0.9997915964158212,0.5781422753447198,1,0.0
0.145333333333,1.115479912120242,228.65765498551247,1,0.02783310927827016,tetrahydrofuran,350.0,water-WYURNTSHIVDZCO-UHFFFAOYSA-N,101325.0,0.16447667568028734,0.9510032364399545,78.43074969725546,1,0.0041395459839727025
0.068,0.9658811615627796,89.69680882841426,1,0.0,ethyl acetate,350.0,water-XEKOWRVHYACXOJ-UHFFFAOYSA-N,101325.0,0.08734836167848825,1.0532295232412678,-51.91428584694907,1,0.008595588956209054
0.000316227766017,0.9998295227386649,0.8901296300618725,1,0.0,diisopropyl ether,350.0,water-ZAFNJMIOTHYJRJ-UHFFFAOYSA-N,101325.0,0.00013254108034288503,0.9999620638190078,0.31647901845714566,1,0.0
0.01,0.9975666602576333,17.69602508993022,1,0.0,1-hexanol,350.0,water-ZSIAUFGUXNUGDI-UHFFFAOYSA-N,101325.0,0.002451864946536042,1.0000185252041693,0.5084202086326854,1,0.0
0.106666666667,0.9502838742950369,215.03581313246917,1,0.0,2-butanone,350.0,water-ZWEHNKRNPOVVGH-UHFFFAOYSA-N,101325.0,0.023731294774767098,0.974015169069804,-64.23820445845337,1,0.0
0.0196666666666,0.9949056674128668,50.34031320308404,1,0.0,2-methyl-1-propanol,350.0,water-ZXEKIIBDNHEJCQ-UHFFFAOYSA-N,101325.0,0.0036187295176185463,0.9985243969304853,-8.773306574394354,1,0.0
0.106666666667,0.949871354060303,156.64339833120914,1,0.0,isobutyraldehyde,350.0,water-AMIMRNSIRUDHCM-UHFFFAOYSA-N,200000.0,0.04078393659055746,0.9906552906508604,-52.84692177389053,1,0.0
0.3,0.8626563360259656,298.38187705931114,1,0.0,acetone,350.0,water-CSCPPACGZOOCGX-UHFFFAOYSA-N,200000.0,0.042710429862470645,0.9053667658884362,-252.96957459844282,1,0.0
0.00316227766017,0.9985113607779075,8.38642211855504,1,0.0,butyl acetate,350.0,water-DKPFZGUDAPQIHT-UHFFFAOYSA-N,200000.0,0.0009353716517266353,0.9994467324296341,-1.3912056191793658,1,0.0
0.0293333333333,0.982272820844434,61.40744646581815,1,0.0,2-furaldehyde,350.0,water-HYBBIBNJHNGZAN-UHFFFAOYSA-N,200000.0,0.0023403500283826206,0.9846131708728166,31.061055940472457,1,0.0
0.0293333333333,0.9847381333880509,60.8374322185918,1,0.0,cyclohexanone,350.0,water-JHIVVAPYMSGYDF-UHFFFAOYSA-N,200000.0,0.0017361358742813415,0.9864742692623323,16.893679977622583,1,0.0
0.3,0.8832585909922234,451.63022463523606,1,0.0,ethanol,350.0,water-LFQSCWFLJHTTHZ-UHFFFAOYSA-N,200000.0,0.05504596882209378,0.9383045598143172,-378.7416027392209,1,0.0
0.0196666666666,0.9938524787910477,52.22608980951063,1,0.0,1-butanol,350.0,water-LRHPLDYGYMQRHN-UHFFFAOYSA-N,200000.0,0.0035759580102657784,0.9974284368013134,-8.773306574394361,1,0.0
0.00316227766017,0.9984553437406742,3.840581681706087,1,0.0,isoamyl acetate,350.0,water-MLFHJEHSLIIPHL-UHFFFAOYSA-N,200000.0,0.0009995012899507438,0.999454845030625,-0.9002683275187842,1,0.0
0.0486666666667,0.9891693871838823,-62.07656813828559,1,0.0,2-methyl-2-butanol,350.0,water-MSXVEPNJUHWQHW-UHFFFAOYSA-N,200000.0,0.001903714264822054,0.9910731014487043,-1.8361160338073717,1,0.0
0.3,0.8754250945367869,246.9272573879747,1,0.0,diethylene glycol,350.0,water-MTHSVFCYNBDYFN-UHFFFAOYSA-N,200000.0,0.05942048893846141,0.9348455834752483,-638.6249177873001,1,0.0
0.164666666667,0.9860232902285198,177.77947991765714,1,0.01166759716419066,dimethoxymethane,350.0,water-NKDDWNXOKDWJAK-UHFFFAOYSA-N,200000.0,0.06348131109810973,0.92254197913041,-106.21463681546884,1,0.0
0.3,0.8765005955015994,277.3852599533582,1,0.0,methanol,350.0,water-OKKJLVBELUTLKV-UHFFFAOYSA-N,200000.0,0.07597463829713391,0.9524752337987333,-563.7640317576294,1,0.0
0.01,0.9973380149134536,23.614371129155444,1,0.0,3-methyl-1-butanol,350.0,water-PHTQWCKDNZKARW-UHFFFAOYSA-N,200000.0,0.002137730057751419,0.9994757449712051,-1.634702406987401,1,0.0
0.0293333333333,0.9870544084116808,37.58887089175376,1,0.0,2-butoxyethanol,350.0,water-POAOYUHQDCAZBD-UHFFFAOYSA-N,200000.0,0.00680155563190743,0.9938559640435882,-16.85072355369155,1,0.0
0.0293333333333,0.9870536252788561,59.50993487659991,1,0.0,diethyl ether,350.0,water-RTZKZFJDLAIYFH-UHFFFAOYSA-N,200000.0,0.0136023274035445,1.0006559526824006,16.88896433781443,1,0.0007619321369849438
0.3,0.8088829221707524,303.64496317473424,1,0.0,"1,4-dioxane",350.0,water-RYHBNJHYFVUHQT-UHFFFAOYSA-N,200000.0,0.006083662293716263,0.8149665844644687,-170.2946571086806,1,0.0
0.0293333333333,0.9856062590546889,50.45620573873078,1,0.0,mesityl oxide,350.0,water-SHOJXDKTYKFBRD-UHFFFAOYSA-N,200000.0,0.006648699420944371,0.9922549584756333,-64.25687684461928,1,0.0
0.145333333333,0.9444183693464541,106.14688170592854,1,0.0,diacetone alcohol,350.0,water-SWXVUIWOUIDPGS-UHFFFAOYSA-N,200000.0,0.022253042290232727,0.9666714116366868,-208.84206555784533,1,0.0
0.00056234132519,0.999755675617257,1.91519985829167,1,0.0,benzyl alcohol,350.0,water-WVDDGKGOMKODPV-UHFFFAOYSA-N,200000.0,3.5920798564181844e-05,0.9997915964158212,0.5781422753447198,1,0.0
0.155,0.9161700129544132,240.1452779863063,1,0.0,tetrahydrofuran,350.0,water-WYURNTSHIVDZCO-UHFFFAOYSA-N,200000.0,0.0007945583837132286,0.9153754545707,83.77419722513562,1,0.0
0.0486666666667,0.9754717036224192,65.15831309477875,1,0.0,ethyl acetate,350.0,water-XEKOWRVHYACXOJ-UHFFFAOYSA-N,200000.0,0.011524268060283838,0.986995971682703,-38.1083600818196,1,0.0
0.000316227766017,0.9998295227386649,0.8901296300618725,1,0.0,diisopropyl ether,350.0,water-ZAFNJMIOTHYJRJ-UHFFFAOYSA-N,200000.0,0.00013254108034288503,0.9999620638190078,0.31647901845714566,1,0.0
0.01,0.9975666602576333,17.69602508993022,1,0.0,1-hexanol,350.0,water-ZSIAUFGUXNUGDI-UHFFFAOYSA-N,200000.0,0.002451864946536042,1.0000185252041693,0.5084202086326854,1,0.0
0.106666666667,0.9502838742950369,215.03581313246917,1,0.0,2-butanone,350.0,water-ZWEHNKRNPOVVGH-UHFFFAOYSA-N,200000.0,0.023731294774767098,0.974015169069804,-64.23820445845337,1,0.0
0.0196666666666,0.9949056674128668,50.34031320308404,1,0.0,2-methyl-1-propanol,350.0,water-ZXEKIIBDNHEJCQ-UHFFFAOYSA-N,200000.0,0.0036187295176185463,0.9985243969304853,-8.773306574394354,1,0.0
0.106666666667,0.9153578998834584,156.64339833120914,0,1.0,isobutyraldehyde,400.0,water-AMIMRNSIRUDHCM-UHFFFAOYSA-N,101325.0,0.004025104073945962,0.9193830039574044,-52.84692177389053,0,1.0
0.3,0.7745671084664295,298.38187705931114,0,1.0,acetone,400.0,water-CSCPPACGZOOCGX-UHFFFAOYSA-N,101325.0,0.009131985684323274,0.7836990941507528,-252.96957459844282,0,1.0
0.00316227766017,0.9973162336588163,8.38642211855504,0,1.0,butyl acetate,400.0,water-DKPFZGUDAPQIHT-UHFFFAOYSA-N,101325.0,0.00020365951081813272,0.9975198931696344,-1.3912056191793658,0,1.0
0.0293333333333,0.9763232077027997,61.40744646581815,0,1.0,2-furaldehyde,400.0,water-HYBBIBNJHNGZAN-UHFFFAOYSA-N,101325.0,0.0006186771317139295,0.9769418848345136,31.061055940472457,0,1.0
0.0293333333333,0.9762450847489244,60.8374322185918,0,1.0,cyclohexanone,400.0,water-JHIVVAPYMSGYDF-UHFFFAOYSA-N,101325.0,0.000895783012864193,0.9771408677617885,16.893679977622583,0,1.0
0.3,0.8163535507448169,451.63022463523606,0,1.0,ethanol,400.0,water-LFQSCWFLJHTTHZ-UHFFFAOYSA-N,101325.0,0.014174114529341697,0.8305276652741586,-378.7416027392209,0,1.0
0.0196666666666,0.9858519939002387,52.22608980951063,0,1.0,1-butanol,400.0,water-LRHPLDYGYMQRHN-UHFFFAOYSA-N,101325.0,0.0012550032283570323,0.9871069971285957,-8.773306574394361,0,1.0
0.00316227766017,0.9973874654850257,3.840581681706087,0,1.0,isoamyl acetate,400.0,water-MLFHJEHSLIIPHL-UHFFFAOYSA-N,101325.0,9.874256441821938e-05,0.9974862080494439,-0.9002683275187842,0,1.0
0.0486666666667,0.9646488727028117,-62.07656813828559,0,1.0,2-methyl-2-butanol,400.0,water-MSXVEPNJUHWQHW-UHFFFAOYSA-N,101325.0,0.0012094030307839843,0.9634394696720278,-1.8361160338073717,0,1.0
0.3,0.7268666105911076,246.9272573879747,1,0.928529825469667,diethylene glycol,400.0,water-MTHSVFCYNBDYFN-UHFFFAOYSA-N,101325.0,0.012507846966917202,0.7393744575580248,-638.6249177873001,1,0.9259903028029164
0.164666666667,0.8651273702452529,177.77947991765714,0,1.0,dimethoxymethane,400.0,water-NKDDWNXOKDWJAK-UHFFFAOYSA-N,101325.0,0.005185753614756372,0.8703131238600093,-106.21463681546884,0,1.0
0.3,0.8486403947323715,277.3852599533582,0,1.0,methanol,400.0,water-OKKJLVBELUTLKV-UHFFFAOYSA-N,101325.0,0.015260273662280666,0.8639006683946522,-563.7640317576294,0,1.0
0.01,0.9926532448463034,23.614371129155444,0,1.0,3-methyl-1-butanol,400.0,water-PHTQWCKDNZKARW-UHFFFAOYSA-N,101325.0,0.0005231297093856169,0.993176374555689,-1.634702406987401,0,1.0
0.0293333333333,0.9769342313175008,37.58887089175376,0,1.0,2-butoxyethanol,400.0,water-POAOYUHQDCAZBD-UHFFFAOYSA-N,101325.0,0.0011087005709593534,0.9780429318884601,-16.85072355369155,0,1.0
0.0293333333333,0.9757916178332547,59.50993487659991,0,1.0,diethyl ether,400.0,water-RTZKZFJDLAIYFH-UHFFFAOYSA-N,101325.0,0.0008703717121333332,0.9766619895453881,16.88896433781443,0,1.0
0.3,0.7577665735444197,303.64496317473424,0,1.0,"1,4-dioxane",400.0,water-RYHBNJHYFVUHQT-UHFFFAOYSA-N,101325.0,0.00753591818490873,0.7653024917293284,-170.2946571086806,0,1.0
0.068,0.9457225569144367,118.47979945290028,0,1.0,mesityl oxide,400.0,water-SHOJXDKTYKFBRD-UHFFFAOYSA-N,101325.0,0.005313384551918321,0.9510359414663551,-150.8871857830987,0,1.0
0.203333333333,0.848548188895877,136.71031784301755,0,1.0,diacetone alcohol,400.0,water-SWXVUIWOUIDPGS-UHFFFAOYSA-N,101325.0,0.007514662478534717,0.8560628513744117,-297.7398959589789,0,1.0
0.00056234132519,0.9995594674012563,1.91519985829167,0,1.0,benzyl alcohol,400.0,water-WVDDGKGOMKODPV-UHFFFAOYSA-N,101325.0,2.791127276235983e-05,0.9995873786740187,0.5781422753447198,0,1.0
0.155,0.8748023408840327,240.1452779863063,0,1.0,tetrahydrofuran,400.0,water-WYURNTSHIVDZCO-UHFFFAOYSA-N,101325.0,0.0028860722471648614,0.8776884131311976,83.77419722513562,0,1.0
0.068,0.9446324810075217,89.69680882841426,0,1.0,ethyl acetate,400.0,water-XEKOWRVHYACXOJ-UHFFFAOYSA-N,101325.0,0.002797548260574434,0.9474300292680962,-51.91428584694907,0,1.0
0.000316227766017,0.9997248217789414,0.8901296300618725,0,1.0,diisopropyl ether,400.0,water-ZAFNJMIOTHYJRJ-UHFFFAOYSA-N,101325.0,1.1977534701612669e-05,0.999736799313643,0.31647901845714566,0,1.0
0.01,0.9927164336792447,17.69602508993022,0,1.0,1-hexanol,400.0,water-ZSIAUFGUXNUGDI-UHFFFAOYSA-N,101325.0,0.0003560052938555991,0.9930724389731003,0.5084202086326854,0,1.0
0.106666666667,0.9155588944008218,215.03581313246917,0,1.0,2-butanone,400.0,water-ZWEHNKRNPOVVGH-UHFFFAOYSA-N,101325.0,0.005365913734766137,0.920924808135588,-64.23820445845337,0,1.0
0.0196666666666,0.9858194370257721,50.34031320308404,0,1.0,2-methyl-1-propanol,400.0,water-ZXEKIIBDNHEJCQ-UHFFFAOYSA-N,101325.0,0.0012162052095352482,0.9870356422353074,-8.773306574394354,0,1.0
0.106666666667,0.9153578998834584,156.64339833120914,0,1.0,isobutyraldehyde,400.0,water-AMIMRNSIRUDHCM-UHFFFAOYSA-N,200000.0,0.004025104073945962,0.9193830039574044,-52.84692177389053,0,1.0
0.3,0.7745671084664295,298.38187705931114,0,1.0,acetone,400.0,water-CSCPPACGZOOCGX-UHFFFAOYSA-N,200000.0,0.009131985684323274,0.7836990941507528,-252.96957459844282,0,1.0
0.00316227766017,0.9973162336588163,8.38642211855504,0,1.0,butyl acetate,400.0,water-DKPFZGUDAPQIHT-UHFFFAOYSA-N,200000.0,0.00020365951081813272,0.9975198931696344,-1.3912056191793658,0,1.0
0.0293333333333,0.9763232077027997,61.40744646581815,0,1.0,2-furaldehyde,400.0,water-HYBBIBNJHNGZAN-UHFFFAOYSA-N,200000.0,0.0006186771317139295,0.9769418848345136,31.061055940472457,0,1.0
0.0293333333333,0.9762450847489244,60.8374322185918,0,1.0,cyclohexanone,400.0,water-JHIVVAPYMSGYDF-UHFFFAOYSA-N,200000.0,0.000895783012864193,0.9771408677617885,16.893679977622583,0,1.0
0.3,0.8163535507448169,451.63022463523606,0,1.0,ethanol,400.0,water-LFQSCWFLJHTTHZ-UHFFFAOYSA-N,200000.0,0.014174114529341697,0.8305276652741586,-378.7416027392209,0,1.0
0.0196666666666,0.9858519939002387,52.22608980951063,0,1.0,1-butanol,400.0,water-LRHPLDYGYMQRHN-UHFFFAOYSA-N,200000.0,0.0012550032283570323,0.9871069971285957,-8.773306574394361,0,1.0
0.00316227766017,0.9973874654850257,3.840581681706087,0,1.0,isoamyl acetate,400.0,water-MLFHJEHSLIIPHL-UHFFFAOYSA-N,200000.0,9.874256441821938e-05,0.9974862080494439,-0.9002683275187842,0,1.0
0.0486666666667,0.9646488727028117,-62.07656813828559,0,1.0,2-methyl-2-butanol,400.0,water-MSXVEPNJUHWQHW-UHFFFAOYSA-N,200000.0,0.0012094030307839843,0.9634394696720278,-1.8361160338073717,0,1.0
0.3,0.6299418403396793,246.9272573879747,1,0.7783907346455181,diethylene glycol,400.0,water-MTHSVFCYNBDYFN-UHFFFAOYSA-N,200000.0,0.06477509526148395,0.6947169356011632,-638.6249177873001,1,0.8577723968643799
0.164666666667,0.8651273702452529,177.77947991765714,0,1.0,dimethoxymethane,400.0,water-NKDDWNXOKDWJAK-UHFFFAOYSA-N,200000.0,0.005185753614756372,0.8703131238600093,-106.21463681546884,0,1.0
0.3,0.8486403947323715,277.3852599533582,0,1.0,methanol,400.0,water-OKKJLVBELUTLKV-UHFFFAOYSA-N,200000.0,0.015260273662280666,0.8639006683946522,-563.7640317576294,0,1.0
0.01,0.9926532448463034,23.614371129155444,0,1.0,3-methyl-1-butanol,400.0,water-PHTQWCKDNZKARW-UHFFFAOYSA-N,200000.0,0.0005231297093856169,0.993176374555689,-1.634702406987401,0,1.0
0.0293333333333,0.9769342313175008,37.58887089175376,0,1.0,2-butoxyethanol,400.0,water-POAOYUHQDCAZBD-UHFFFAOYSA-N,200000.0,0.0011087005709593534,0.9780429318884601,-16.85072355369155,0,1.0
0.0293333333333,0.9757916178332547,59.50993487659991,0,1.0,diethyl ether,400.0,water-RTZKZFJDLAIYFH-UHFFFAOYSA-N,200000.0,0.0008703717121333332,0.9766619895453881,16.88896433781443,0,1.0
0.3,0.7577665735444197,303.64496317473424,0,1.0,"1,4-dioxane",400.0,water-RYHBNJHYFVUHQT-UHFFFAOYSA-N,200000.0,0.00753591818490873,0.7653024917293284,-170.2946571086806,0,1.0
0.068,0.9457225569144367,118.47979945290028,0,1.0,mesityl oxide,400.0,water-SHOJXDKTYKFBRD-UHFFFAOYSA-N,200000.0,0.005313384551918321,0.9510359414663551,-150.8871857830987,0,1.0
0.203333333333,0.848548188895877,136.71031784301755,0,1.0,diacetone alcohol,400.0,water-SWXVUIWOUIDPGS-UHFFFAOYSA-N,200000.0,0.007514662478534717,0.8560628513744117,-297.7398959589789,0,1.0
0.00056234132519,0.9995594674012563,1.91519985829167,0,1.0,benzyl alcohol,400.0,water-WVDDGKGOMKODPV-UHFFFAOYSA-N,200000.0,2.791127276235983e-05,0.9995873786740187,0.5781422753447198,0,1.0
0.155,0.8748023408840327,240.1452779863063,0,1.0,tetrahydrofuran,400.0,water-WYURNTSHIVDZCO-UHFFFAOYSA-N,200000.0,0.0028860722471648614,0.8776884131311976,83.77419722513562,0,1.0
0.068,0.9446324810075217,89.69680882841426,0,1.0,ethyl acetate,400.0,water-XEKOWRVHYACXOJ-UHFFFAOYSA-N,200000.0,0.002797548260574434,0.9474300292680962,-51.91428584694907,0,1.0
0.000316227766017,0.9997248217789414,0.8901296300618725,0,1.0,diisopropyl ether,400.0,water-ZAFNJMIOTHYJRJ-UHFFFAOYSA-N,200000.0,1.1977534701612669e-05,0.999736799313643,0.31647901845714566,0,1.0
0.01,0.9927164336792447,17.69602508993022,0,1.0,1-hexanol,400.0,water-ZSIAUFGUXNUGDI-UHFFFAOYSA-N,200000.0,0.0003560052938555991,0.9930724389731003,0.5084202086326854,0,1.0
0.106666666667,0.9155588944008218,215.03581313246917,0,1.0,2-butanone,400.0,water-ZWEHNKRNPOVVGH-UHFFFAOYSA-N,200000.0,0.005365913734766137,0.920924808135588,-64.23820445845337,0,1.0
0.0196666666666,0.9858194370257721,50.34031320308404,0,1.0,2-methyl-1-propanol,400.0,water-ZXEKIIBDNHEJCQ-UHFFFAOYSA-N,200000.0,0.0012162052095352482,0.9870356422353074,-8.773306574394354,0,1.0
0.106666666667,0.9181385761968014,156.64339833120914,0,1.0,isobutyraldehyde,450.0,water-AMIMRNSIRUDHCM-UHFFFAOYSA-N,101325.0,0.003885191465214377,0.9220237676620158,-52.84692177389053,0,1.0
0.3,0.7810050615617343,298.38187705931114,0,1.0,acetone,450.0,water-CSCPPACGZOOCGX-UHFFFAOYSA-N,101325.0,0.008814557882079965,0.7898196194438143,-252.96957459844282,0,1.0
0.00316227766017,0.9974014653614973,8.38642211855504,0,1.0,butyl acetate,450.0,water-DKPFZGUDAPQIHT-UHFFFAOYSA-N,101325.0,0.0001965803066712457,0.9975980456681686,-1.3912056191793658,0,1.0
0.0293333333333,0.976852950288099,61.40744646581815,0,1.0,2-furaldehyde,450.0,water-HYBBIBNJHNGZAN-UHFFFAOYSA-N,101325.0,0.000597171915980188,0.9774501222040792,31.061055940472457,0,1.0
0.0293333333333,0.9769703984185347,60.8374322185918,0,1.0,cyclohexanone,450.0,water-JHIVVAPYMSGYDF-UHFFFAOYSA-N,101325.0,0.0008646455973130296,0.9778350440158478,16.893679977622583,0,1.0
0.3,0.8223632168176455,451.63022463523606,0,1.0,ethanol,450.0,water-LFQSCWFLJHTTHZ-UHFFFAOYSA-N,101325.0,0.013681422339567817,0.8360446391572133,-378.7416027392209,0,1.0
0.0196666666666,0.9863570059321576,52.22608980951063,0,1.0,1-butanol,450.0,water-LRHPLDYGYMQRHN-UHFFFAOYSA-N,101325.0,0.0012113793189078015,0.9875683852510654,-8.773306574394361,0,1.0
0.00316227766017,0.9974728145202912,3.840581681706087,0,1.0,isoamyl acetate,450.0,water-MLFHJEHSLIIPHL-UHFFFAOYSA-N,101325.0,9.531027309683804e-05,0.9975681247933881,-0.9002683275187842,0,1.0
0.0486666666667,0.9659821408989883,-62.07656813828559,0,1.0,2-methyl-2-butanol,450.0,water-MSXVEPNJUHWQHW-UHFFFAOYSA-N,101325.0,0.0011673641841017934,0.9648147767148865,-1.8361160338073717,0,1.0
0.3,0.7985726733016244,246.9272573879747,0,1.0,diethylene glycol,450.0,water-MTHSVFCYNBDYFN-UHFFFAOYSA-N,101325.0,0.013405448122436603,0.811978121424061,-638.6249177873001,0,1.0
0.164666666667,0.8691442022601805,177.77947991765714,0,1.0,dimethoxymethane,450.0,water-NKDDWNXOKDWJAK-UHFFFAOYSA-N,101325.0,0.005005496830546408,0.8741496990907269,-106.21463681546884,0,1.0
0.3,0.8525897213783248,277.3852599533582,0,1.0,methanol,450.0,water-OKKJLVBELUTLKV-UHFFFAOYSA-N,101325.0,0.014729826583441796,0.8673195479617666,-563.7640317576294,0,1.0
0.01,0.9929233601362512,23.614371129155444,0,1.0,3-methyl-1-butanol,450.0,water-PHTQWCKDNZKARW-UHFFFAOYSA-N,101325.0,0.0005049457218412323,0.9934283058580924,-1.634702406987401,0,1.0
0.0293333333333,0.9777112009788784,37.58887089175376,0,1.0,2-butoxyethanol,450.0,water-POAOYUHQDCAZBD-UHFFFAOYSA-N,101325.0,0.0010701621415585283,0.978781363120437,-16.85072355369155,0,1.0
0.0293333333333,0.9766938703103201,59.50993487659991,0,1.0,diethyl ether,450.0,water-RTZKZFJDLAIYFH-UHFFFAOYSA-N,101325.0,0.0008401175933394622,0.9775339879036595,16.88896433781443,0,1.0
0.3,0.7639329353878742,303.64496317473424,0,1.0,"1,4-dioxane",450.0,water-RYHBNJHYFVUHQT-UHFFFAOYSA-N,101325.0,0.007273969685424486,0.7712069050732987,-170.2946571086806,0,1.0
0.068,0.9474119590051905,118.47979945290028,0,1.0,mesityl oxide,450.0,water-SHOJXDKTYKFBRD-UHFFFAOYSA-N,101325.0,0.005128691316614198,0.9525406503218047,-150.8871857830987,0,1.0
0.203333333333,0.8533514671346312,136.71031784301755,0,1.0,diacetone alcohol,450.0,water-SWXVUIWOUIDPGS-UHFFFAOYSA-N,101325.0,0.007253452827357121,0.8606049199619883,-297.7398959589789,0,1.0
0.00056234132519,0.9995708748771305,1.91519985829167,0,1.0,benzyl alcohol,450.0,water-WVDDGKGOMKODPV-UHFFFAOYSA-N,101325.0,2.6941076982534007e-05,0.999597815954113,0.5781422753447198,0,1.0
0.155,0.8782002486863213,240.1452779863063,0,1.0,tetrahydrofuran,450.0,water-WYURNTSHIVDZCO-UHFFFAOYSA-N,101325.0,0.002785752382219675,0.880986001068541,83.77419722513562,0,1.0
0.068,0.9462250999934356,89.69680882841426,0,1.0,ethyl acetate,450.0,water-XEKOWRVHYACXOJ-UHFFFAOYSA-N,101325.0,0.002700305489207855,0.9489254054826435,-51.91428584694907,0,1.0
0.000316227766017,0.9997349809596949,0.8901296300618725,0,1.0,diisopropyl ether,450.0,water-ZAFNJMIOTHYJRJ-UHFFFAOYSA-N,101325.0,1.15611956217343e-05,0.9997465421553167,0.31647901845714566,0,1.0
0.01,0.9929888237538617,17.69602508993022,0,1.0,1-hexanol,450.0,water-ZSIAUFGUXNUGDI-UHFFFAOYSA-N,101325.0,0.00034363055062658354,0.9933324543044882,0.5084202086326854,0,1.0
0.106666666667,0.9182840353731342,215.03581313246917,0,1.0,2-butanone,450.0,water-ZWEHNKRNPOVVGH-UHFFFAOYSA-N,101325.0,0.005179394585182129,0.9234634299583163,-64.23820445845337,0,1.0
0.0196666666666,0.9863290309132114,50.34031320308404,0,1.0,2-methyl-1-propanol,450.0,water-ZXEKIIBDNHEJCQ-UHFFFAOYSA-N,101325.0,0.0011739299191345642,0.987502960832346,-8.773306574394354,0,1.0
0.106666666667,0.9181385761968014,156.64339833120914,0,1.0,isobutyraldehyde,450.0,water-AMIMRNSIRUDHCM-UHFFFAOYSA-N,200000.0,0.003885191465214377,0.9220237676620158,-52.84692177389053,0,1.0
0.3,0.7810050615617343,298.38187705931114,0,1.0,acetone,450.0,water-CSCPPACGZOOCGX-UHFFFAOYSA-N,200000.0,0.008814557882079965,0.7898196194438143,-252.96957459844282,0,1.0
0.00316227766017,0.9974014653614973,8.38642211855504,0,1.0,butyl acetate,450.0,water-DKPFZGUDAPQIHT-UHFFFAOYSA-N,200000.0,0.0001965803066712457,0.9975980456681686,-1.3912056191793658,0,1.0
0.0293333333333,0.976852950288099,61.40744646581815,0,1.0,2-furaldehyde,450.0,water-HYBBIBNJHNGZAN-UHFFFAOYSA-N,200000.0,0.000597171915980188,0.9774501222040792,31.061055940472457,0,1.0
0.0293333333333,0.9769703984185347,60.8374322185918,0,1.0,cyclohexanone,450.0,water-JHIVVAPYMSGYDF-UHFFFAOYSA-N,200000.0,0.0008646455973130296,0.9778350440158478,16.893679977622583,0,1.0
0.3,0.8223632168176455,451.63022463523606,0,1.0,ethanol,450.0,water-LFQSCWFLJHTTHZ-UHFFFAOYSA-N,200000.0,0.013681422339567817,0.8360446391572133,-378.7416027392209,0,1.0
0.0196666666666,0.9863570059321576,52.22608980951063,0,1.0,1-butanol,450.0,water-LRHPLDYGYMQRHN-UHFFFAOYSA-N,200000.0,0.0012113793189078015,0.9875683852510654,-8.773306574394361,0,1.0
0.00316227766017,0.9974728145202912,3.840581681706087,0,1.0,isoamyl acetate,450.0,water-MLFHJEHSLIIPHL-UHFFFAOYSA-N,200000.0,9.531027309683804e-05,0.9975681247933881,-0.9002683275187842,0,1.0
0.0486666666667,0.9659821408989883,-62.07656813828559,0,1.0,2-methyl-2-butanol,450.0,water-MSXVEPNJUHWQHW-UHFFFAOYSA-N,200000.0,0.0011673641841017934,0.9648147767148865,-1.8361160338073717,0,1.0
0.261333333333,0.8244183534110887,213.63518738930378,0,1.0,diethylene glycol,450.0,water-MTHSVFCYNBDYFN-UHFFFAOYSA-N,200000.0,0.012064245919883643,0.8364825993309724,-550.6450529061146,0,1.0
0.164666666667,0.8691442022601805,177.77947991765714,0,1.0,dimethoxymethane,450.0,water-NKDDWNXOKDWJAK-UHFFFAOYSA-N,200000.0,0.005005496830546408,0.8741496990907269,-106.21463681546884,0,1.0
0.3,0.8525897213783248,277.3852599533582,0,1.0,methanol,450.0,water-OKKJLVBELUTLKV-UHFFFAOYSA-N,200000.0,0.014729826583441796,0.8673195479617666,-563.7640317576294,0,1.0
0.01,0.9929233601362512,23.614371129155444,0,1.0,3-methyl-1-butanol,450.0,water-PHTQWCKDNZKARW-UHFFFAOYSA-N,200000.0,0.0005049457218412323,0.9934283058580924,-1.634702406987401,0,1.0
0.0293333333333,0.9777112009788784,37.58887089175376,0,1.0,2-butoxyethanol,450.0,water-POAOYUHQDCAZBD-UHFFFAOYSA-N,200000.0,0.0010701621415585283,0.978781363120437,-16.85072355369155,0,1.0
0.0293333333333,0.9766938703103201,59.50993487659991,0,1.0,diethyl ether,450.0,water-RTZKZFJDLAIYFH-UHFFFAOYSA-N,200000.0,0.0008401175933394622,0.9775339879036595,16.88896433781443,0,1.0
0.3,0.7639329353878742,303.64496317473424,0,1.0,"1,4-dioxane",450.0,water-RYHBNJHYFVUHQT-UHFFFAOYSA-N,200000.0,0.007273969685424486,0.7712069050732987,-170.2946571086806,0,1.0
0.068,0.9474119590051905,118.47979945290028,0,1.0,mesityl oxide,450.0,water-SHOJXDKTYKFBRD-UHFFFAOYSA-N,200000.0,0.005128691316614198,0.9525406503218047,-150.8871857830987,0,1.0
0.203333333333,0.8533514671346312,136.71031784301755,0,1.0,diacetone alcohol,450.0,water-SWXVUIWOUIDPGS-UHFFFAOYSA-N,200000.0,0.007253452827357121,0.8606049199619883,-297.7398959589789,0,1.0
0.00056234132519,0.9995708748771305,1.91519985829167,0,1.0,benzyl alcohol,450.0,water-WVDDGKGOMKODPV-UHFFFAOYSA-N,200000.0,2.6941076982534007e-05,0.999597815954113,0.5781422753447198,0,1.0
0.155,0.8782002486863213,240.1452779863063,0,1.0,tetrahydrofuran,450.0,water-WYURNTSHIVDZCO-UHFFFAOYSA-N,200000.0,0.002785752382219675,0.880986001068541,83.77419722513562,0,1.0
0.068,0.9462250999934356,89.69680882841426,0,1.0,ethyl acetate,450.0,water-XEKOWRVHYACXOJ-UHFFFAOYSA-N,200000.0,0.002700305489207855,0.9489254054826435,-51.91428584694907,0,1.0
0.000316227766017,0.9997349809596949,0.8901296300618725,0,1.0,diisopropyl ether,450.0,water-ZAFNJMIOTHYJRJ-UHFFFAOYSA-N,200000.0,1.15611956217343e-05,0.9997465421553167,0.31647901845714566,0,1.0
0.01,0.9929888237538617,17.69602508993022,0,1.0,1-hexanol,450.0,water-ZSIAUFGUXNUGDI-UHFFFAOYSA-N,200000.0,0.00034363055062658354,0.9933324543044882,0.5084202086326854,0,1.0
0.106666666667,0.9182840353731342,215.03581313246917,0,1.0,2-butanone,450.0,water-ZWEHNKRNPOVVGH-UHFFFAOYSA-N,200000.0,0.005179394585182129,0.9234634299583163,-64.23820445845337,0,1.0
0.0196666666666,0.9863290309132114,50.34031320308404,0,1.0,2-methyl-1-propanol,450.0,water-ZXEKIIBDNHEJCQ-UHFFFAOYSA-N,200000.0,0.0011739299191345642,0.987502960832346,-8.773306574394354,0,1.0
